<?xml version="1.0" encoding="UTF-8" standalone="yes"?>
<addon id="plugin.program.totalinstaller" version="1.0.4" name="Total Installer" provider-name="totalxbmc.tv, blazetamer">
<requires>
<import addon="xbmc.python" version="2.1.0"/>
</requires>
<extension point="xbmc.python.pluginsource" library="default.py">
<provides>executable</provides>
</extension>
<extension point="xbmc.addon.metadata">
<summary>Total Installer</summary>
	<description>Every XBMC addon available. No prejudice against any sites or developers - this is a collection of EVERY XBMC Addon available with over 2,000 so far!</description>
		<website>http://www.totalxbmc.tv</website>
<platform>all</platform>
</extension>
</addon>