<?xml version="1.0" encoding="UTF-8" standalone="yes"?>
<addon id="repository.totalinstaller" version="1.0.1" name="Total Installer Repo" provider-name="Blazetamer, totalxbmc.tv">
	<extension point="xbmc.addon.repository" name="Total Installer Repo">
		<info compressed="false">https://github.com/totalxbmc/totalinstaller/raw/master/zips/addons.xml</info>
		<checksum>https://github.com/totalxbmc/totalinstaller/raw/master/zips/addons.xml.md5</checksum>
		<datadir zip="true">https://raw.github.com/totalxbmc/totalinstaller/master/zips/</datadir>
	</extension>
	<extension point="xbmc.addon.metadata">
		<summary>Total Installer</summary>
		<description>Every XBMC addon available. No prejudice against any sites or developers - this is a collection of EVERY XBMC Addon available with over 2,000 so far!</description>
		<platform>all</platform>
	</extension>
</addon>