<?xml version="1.0" encoding="UTF-8"?>
<window id="1121" type="window">
	<defaultcontrol always="true">9000</defaultcontrol>
	<controls>
		<control type="label">
			<posx>100</posx>
			<posy>50</posy>
			<width>350</width>
			<height>60</height>
			<font>font35_title</font>
			<textcolor>blue</textcolor>
			<align>left</align>
			<aligny>center</aligny>
			<label>Favourites Section</label>
		</control>
		<control type="label">
			<posx>100</posx>
			<posy>100</posy>
			<width>350</width>
			<height>40</height>
			<font>font12</font>
			<textcolor>white</textcolor>
			<align>left</align>
			<aligny>top</aligny>
			<label>Fully customise your Favourites section.[CR]</label>
		</control>
		<control type="label">
			<posx>500</posx>
			<posy>50</posy>
			<width>200</width>
			<height>60</height>
			<font>font35_title</font>
			<textcolor>blue</textcolor>
			<align>left</align>
			<aligny>center</aligny>
			<label>Shortcuts</label>
			<visible>!Skin.HasSetting(HomeMenuNoSFButton)</visible>
		</control>				
		<control type="label">
			<posx>500</posx>
			<posy>100</posy>
			<width>250</width>
			<height>40</height>
			<font>font12</font>
			<textcolor>white</textcolor>
			<align>left</align>
			<aligny>top</aligny>
			<label>Select the shortcut set to use.[CR]</label>
			<visible>!Skin.HasSetting(HomeMenuNoSFButton)</visible>
		</control>
		<control type="label">
			<posx>825</posx>
			<posy>50</posy>
			<width>200</width>
			<height>60</height>
			<font>font35_title</font>
			<textcolor>blue</textcolor>
			<align>left</align>
			<aligny>center</aligny>
			<label>Sub-Menu</label>
			<visible>!Skin.HasSetting(HomeMenuNoSFButton)</visible>
		</control>				
		<control type="label">
			<posx>825</posx>
			<posy>100</posy>
			<width>250</width>
			<height>40</height>
			<font>font12</font>
			<textcolor>white</textcolor>
			<align>left</align>
			<aligny>top</aligny>
			<label>Select the Sub-Menu set to use.[CR]</label>
			<visible>!Skin.HasSetting(HomeMenuNoSFButton)</visible>
		</control>

<!-- Shortcuts Section -->
		<control type="group">
			<control type="grouplist" id="9001" description="Favourites Sub-Menu Options">
				<visible>!Skin.HasSetting(HomeMenuNoSFButton)</visible>
				<posx>500</posx>
				<posy>130</posy>
				<width>300</width>
				<height>391</height>
				<onleft>9000</onleft>
				<onright>9002</onright>
				<onup>9001</onup>
				<ondown>9001</ondown>
				<itemgap>-1</itemgap>
				<pagecontrol>61</pagecontrol>
				<scrolltime>280</scrolltime>
				<control type="button" id="100">
					<description>Show Shortcuts</description>
					<width>275</width>
					<height>40</height>
					<font>font13</font>
					<label>[COLOR=lime]Shortcuts ENABLED[/COLOR]</label>
					<onclick>Skin.ToggleSetting(HomeMenuNoSFShortcuts)</onclick>
					<selected>Skin.HasSetting(HomeMenuNoSFShortcuts)</selected>
					<visible>Skin.HasSetting(HomeMenuNoSFShortcuts)</visible>
				</control>
				<control type="button" id="101">
					<description>Show Shortcuts</description>
					<width>275	</width>
					<height>40</height>
					<font>font13</font>
					<label>[COLOR=red]DISABLED[/COLOR] - Click to enable</label>
					<onclick>Skin.ToggleSetting(HomeMenuNoSFShortcuts)</onclick>
					<selected>!Skin.HasSetting(HomeMenuNoSFShortcuts)</selected>
					<visible>!Skin.HasSetting(HomeMenuNoSFShortcuts)</visible>
				</control>
				<control type="radiobutton" id="118" description="Android">
					<height>40</height>
					<font>font13</font>
					<textcolor>grey2</textcolor>
					<focusedcolor>white</focusedcolor>
					<width>275</width>
					<label>Android</label>
					<onclick>Skin.SetString(SFShortcut,Android)</onclick>
					<selected>StringCompare(Skin.String(SFShortcut),Android)</selected>
					<enable>Skin.HasSetting(HomeMenuNoSFShortcuts)</enable>
					<visible>System.Platform.Android</visible>
				</control>
				<control type="radiobutton" id="108" description="Favourites">
					<height>40</height>
					<font>font13</font>
					<textcolor>grey2</textcolor>
					<focusedcolor>white</focusedcolor>
					<width>275</width>
					<label>Favourites</label>
					<onclick>Skin.SetString(SFShortcut,Favourites)</onclick>
					<selected>StringCompare(Skin.String(SFShortcut),Favourites) | IsEmpty(Skin.String(SFShortcut))</selected>
					<enable>Skin.HasSetting(HomeMenuNoSFShortcuts)</enable>
				</control>
				<control type="radiobutton" id="102" description="Gaming">
					<height>40</height>
					<font>font13</font>
					<textcolor>grey2</textcolor>
					<focusedcolor>white</focusedcolor>
					<width>275</width>
					<label>Gaming</label>
					<onclick>Skin.SetString(SFShortcut,Gaming)</onclick>
					<selected>StringCompare(Skin.String(SFShortcut),Gaming)</selected>
					<enable>Skin.HasSetting(HomeMenuNoSFShortcuts)</enable>
				</control>
				<control type="radiobutton" id="103" description="Live TV">
					<height>40</height>
					<font>font13</font>
					<textcolor>grey2</textcolor>
					<focusedcolor>white</focusedcolor>
					<width>275</width>
					<label>Live TV</label>
					<onclick>Skin.SetString(SFShortcut,Live TV)</onclick>
					<selected>StringCompare(Skin.String(SFShortcut),Live TV)</selected>
					<enable>Skin.HasSetting(HomeMenuNoSFShortcuts)</enable>
				</control>
				<control type="radiobutton" id="104" description="Movies">
					<height>40</height>
					<font>font13</font>
					<textcolor>grey2</textcolor>
					<focusedcolor>white</focusedcolor>
					<width>275</width>
					<label>Movies</label>
					<onclick>Skin.SetString(SFShortcut,Movies)</onclick>
					<selected>StringCompare(Skin.String(SFShortcut),Movies)</selected>
					<enable>Skin.HasSetting(HomeMenuNoSFShortcuts)</enable>
				</control>
				<control type="radiobutton" id="105" description="Music">
					<height>40</height>
					<font>font13</font>
					<textcolor>grey2</textcolor>
					<focusedcolor>white</focusedcolor>
					<width>275</width>
					<label>Music</label>
					<onclick>Skin.SetString(SFShortcut,Music)</onclick>
					<selected>StringCompare(Skin.String(SFShortcut),Music)</selected>
					<enable>Skin.HasSetting(HomeMenuNoSFShortcuts)</enable>
				</control>
				<control type="radiobutton" id="106" description="Pictures">
					<height>40</height>
					<font>font13</font>
					<textcolor>grey2</textcolor>
					<focusedcolor>white</focusedcolor>
					<width>275</width>
					<label>Pictures</label>
					<onclick>Skin.SetString(SFShortcut,Pictures)</onclick>
					<selected>StringCompare(Skin.String(SFShortcut),Pictures)</selected>
					<enable>Skin.HasSetting(HomeMenuNoSFShortcuts)</enable>
				</control>
				<control type="radiobutton" id="107" description="Programs">
					<height>40</height>
					<font>font13</font>
					<textcolor>grey2</textcolor>
					<focusedcolor>white</focusedcolor>
					<width>275</width>
					<label>Programs</label>
					<onclick>Skin.SetString(SFShortcut,Programs)</onclick>
					<selected>StringCompare(Skin.String(SFShortcut),Programs)</selected>
					<enable>Skin.HasSetting(HomeMenuNoSFShortcuts)</enable>
				</control>
				<control type="radiobutton" id="117" description="System">
					<height>40</height>
					<font>font13</font>
					<textcolor>grey2</textcolor>
					<focusedcolor>white</focusedcolor>
					<width>275</width>
					<label>System</label>
					<onclick>Skin.SetString(SFShortcut,System)</onclick>
					<selected>StringCompare(Skin.String(SFShortcut),System)</selected>
					<enable>Skin.HasSetting(HomeMenuNoSFShortcuts)</enable>
				</control>
				<control type="radiobutton" id="109" description="TV Shows">
					<height>40</height>
					<font>font13</font>
					<textcolor>grey2</textcolor>
					<focusedcolor>white</focusedcolor>
					<width>275</width>
					<label>TV Shows</label>
					<onclick>Skin.SetString(SFShortcut,TV Shows)</onclick>
					<selected>StringCompare(Skin.String(SFShortcut),TV Shows)</selected>
					<enable>Skin.HasSetting(HomeMenuNoSFShortcuts)</enable>
				</control>
				<control type="radiobutton" id="110" description="Videos">
					<height>40</height>
					<font>font13</font>
					<textcolor>grey2</textcolor>
					<focusedcolor>white</focusedcolor>
					<width>275</width>
					<label>Videos</label>
					<onclick>Skin.SetString(SFShortcut,Videos)</onclick>
					<selected>StringCompare(Skin.String(SFShortcut),Videos)</selected>
					<enable>Skin.HasSetting(HomeMenuNoSFShortcuts)</enable>
				</control>
				<control type="radiobutton" id="111" description="Custom1">
					<height>40</height>
					<font>font13</font>
					<textcolor>grey2</textcolor>
					<focusedcolor>white</focusedcolor>
					<width>275</width>
					<label>Custom Favourites 1</label>
					<onclick>Skin.SetString(SFShortcut,CF1)</onclick>
					<selected>StringCompare(Skin.String(SFShortcut),CF1)</selected>
					<enable>Skin.HasSetting(HomeMenuNoSFShortcuts)</enable>
				</control>
				<control type="radiobutton" id="112" description="Custom2">
					<height>40</height>
					<font>font13</font>
					<textcolor>grey2</textcolor>
					<focusedcolor>white</focusedcolor>
					<width>275</width>
					<label>Custom Favourites 2</label>
					<onclick>Skin.SetString(SFShortcut,CF2)</onclick>
					<selected>StringCompare(Skin.String(SFShortcut),CF2)</selected>
					<enable>Skin.HasSetting(HomeMenuNoSFShortcuts)</enable>
				</control>
				<control type="radiobutton" id="113" description="Custom3">
					<height>40</height>
					<font>font13</font>
					<textcolor>grey2</textcolor>
					<focusedcolor>white</focusedcolor>
					<width>275</width>
					<label>Custom Favourites 3</label>
					<onclick>Skin.SetString(SFShortcut,CF3)</onclick>
					<selected>StringCompare(Skin.String(SFShortcut),CF3)</selected>
					<enable>Skin.HasSetting(HomeMenuNoSFShortcuts)</enable>
				</control>
				<control type="radiobutton" id="114" description="Custom4">
					<height>40</height>
					<font>font13</font>
					<textcolor>grey2</textcolor>
					<focusedcolor>white</focusedcolor>
					<width>275</width>
					<label>Custom Favourites 4</label>
					<onclick>Skin.SetString(SFShortcut,CF4)</onclick>
					<selected>StringCompare(Skin.String(SFShortcut),CF4)</selected>
					<enable>Skin.HasSetting(HomeMenuNoSFShortcuts)</enable>
				</control>
				<control type="radiobutton" id="115" description="Custom5">
					<height>40</height>
					<font>font13</font>
					<textcolor>grey2</textcolor>
					<focusedcolor>white</focusedcolor>
					<width>275</width>
					<label>Custom Favourites 5</label>
					<onclick>Skin.SetString(SFShortcut,CF5)</onclick>
					<selected>StringCompare(Skin.String(SFShortcut),CF5)</selected>
					<enable>Skin.HasSetting(HomeMenuNoSFShortcuts)</enable>
				</control>
				<control type="radiobutton" id="116" description="Custom6">
					<height>40</height>
					<font>font13</font>
					<textcolor>grey2</textcolor>
					<focusedcolor>white</focusedcolor>
					<width>275</width>
					<label>Custom Favourites 6</label>
					<onclick>Skin.SetString(SFShortcut,CF6)</onclick>
					<selected>StringCompare(Skin.String(SFShortcut),CF6)</selected>
					<enable>Skin.HasSetting(HomeMenuNoSFShortcuts)</enable>
				</control>
			</control>
		</control>
<!-- Sub Menu Section -->
		<control type="group">
			<control type="grouplist" id="9002" description="Favourites Sub-Menu Options">
				<visible>!Skin.HasSetting(HomeMenuNoSFButton)</visible>
				<posx>825</posx>
				<posy>130</posy>
				<width>300</width>
				<height>391</height>
				<onleft>9001</onleft>
				<onright>9000</onright>
				<onup>9002</onup>
				<ondown>9002</ondown>
				<itemgap>-1</itemgap>
				<pagecontrol>61</pagecontrol>
				<scrolltime>280</scrolltime>
				<control type="button" id="200">
					<description>Show Sub-Menus</description>
					<width>275</width>
					<height>40</height>
					<font>font13</font>
					<label>[COLOR=lime]Sub-Menus ENABLED[/COLOR]</label>
					<onclick>Skin.ToggleSetting(HomeMenuNoSFSubMenus)</onclick>
					<selected>!Skin.HasSetting(HomeMenuNoSFSubMenus)</selected>
					<visible>!Skin.HasSetting(HomeMenuNoSFSubMenus)</visible>
				</control>
				<control type="button" id="201">
					<description>Show SubMenus</description>
					<width>275	</width>
					<height>40</height>
					<font>font13</font>
					<label>[COLOR=red]DISABLED[/COLOR] - Click to enable</label>
					<onclick>Skin.ToggleSetting(HomeMenuNoSFSubMenus)</onclick>
					<selected>Skin.HasSetting(HomeMenuNoSFSubMenus)</selected>
					<visible>Skin.HasSetting(HomeMenuNoSFSubMenus)</visible>
				</control>
				<control type="radiobutton" id="218" description="Android">
					<height>40</height>
					<font>font13</font>
					<textcolor>grey2</textcolor>
					<focusedcolor>white</focusedcolor>
					<width>275</width>
					<label>Andoroid</label>
					<onclick>Skin.SetString(SFSubMenu,Android)</onclick>
					<selected>StringCompare(Skin.String(SFSubMenu),Android)</selected>
					<enable>!Skin.HasSetting(HomeMenuNoSFSubMenus)</enable>
					<visible>System.Platform.Android</visible>
				</control>
				<control type="radiobutton" id="208" description="Favourites">
					<height>40</height>
					<font>font13</font>
					<textcolor>grey2</textcolor>
					<focusedcolor>white</focusedcolor>
					<width>275</width>
					<label>Favourites</label>
					<onclick>Skin.SetString(SFSubMenu,Favourites)</onclick>
					<selected>StringCompare(Skin.String(SFSubMenu),Favourites) | IsEmpty(Skin.String(SFSubMenu))</selected>
					<enable>!Skin.HasSetting(HomeMenuNoSFSubMenus)</enable>
				</control>
				<control type="radiobutton" id="202" description="Gaming">
					<height>40</height>
					<font>font13</font>
					<textcolor>grey2</textcolor>
					<focusedcolor>white</focusedcolor>
					<width>275</width>
					<label>Gaming</label>
					<onclick>Skin.SetString(SFSubMenu,Gaming)</onclick>
					<selected>StringCompare(Skin.String(SFSubMenu),Gaming)</selected>
					<enable>!Skin.HasSetting(HomeMenuNoSFSubMenus)</enable>
				</control>
				<control type="radiobutton" id="203" description="Live TV">
					<height>40</height>
					<font>font13</font>
					<textcolor>grey2</textcolor>
					<focusedcolor>white</focusedcolor>
					<width>275</width>
					<label>Live TV</label>
					<onclick>Skin.SetString(SFSubMenu,Live TV)</onclick>
					<selected>StringCompare(Skin.String(SFSubMenu),Live TV)</selected>
					<enable>!Skin.HasSetting(HomeMenuNoSFSubMenus)</enable>
				</control>
				<control type="radiobutton" id="204" description="Movies">
					<height>40</height>
					<font>font13</font>
					<textcolor>grey2</textcolor>
					<focusedcolor>white</focusedcolor>
					<width>275</width>
					<label>Movies</label>
					<onclick>Skin.SetString(SFSubMenu,Movies)</onclick>
					<selected>StringCompare(Skin.String(SFSubMenu),Movies)</selected>
					<enable>!Skin.HasSetting(HomeMenuNoSFSubMenus)</enable>
				</control>
				<control type="radiobutton" id="205" description="Music">
					<height>40</height>
					<font>font13</font>
					<textcolor>grey2</textcolor>
					<focusedcolor>white</focusedcolor>
					<width>275</width>
					<label>Music</label>
					<onclick>Skin.SetString(SFSubMenu,Music)</onclick>
					<selected>StringCompare(Skin.String(SFSubMenu),Music)</selected>
					<enable>!Skin.HasSetting(HomeMenuNoSFSubMenus)</enable>
				</control>
				<control type="radiobutton" id="206" description="Pictures">
					<height>40</height>
					<font>font13</font>
					<textcolor>grey2</textcolor>
					<focusedcolor>white</focusedcolor>
					<width>275</width>
					<label>Pictures</label>
					<onclick>Skin.SetString(SFSubMenu,Pictures)</onclick>
					<selected>StringCompare(Skin.String(SFSubMenu),Pictures)</selected>
					<enable>!Skin.HasSetting(HomeMenuNoSFSubMenus)</enable>
				</control>
				<control type="radiobutton" id="207" description="Programs">
					<height>40</height>
					<font>font13</font>
					<textcolor>grey2</textcolor>
					<focusedcolor>white</focusedcolor>
					<width>275</width>
					<label>Programs</label>
					<onclick>Skin.SetString(SFSubMenu,Programs)</onclick>
					<selected>StringCompare(Skin.String(SFSubMenu),Programs)</selected>
					<enable>!Skin.HasSetting(HomeMenuNoSFSubMenus)</enable>
				</control>
				<control type="radiobutton" id="217" description="System">
					<height>40</height>
					<font>font13</font>
					<textcolor>grey2</textcolor>
					<focusedcolor>white</focusedcolor>
					<width>275</width>
					<label>System</label>
					<onclick>Skin.SetString(SFSubMenu,System)</onclick>
					<selected>StringCompare(Skin.String(SFSubMenu),System)</selected>
					<enable>!Skin.HasSetting(HomeMenuNoSFSubMenus)</enable>
				</control>
				<control type="radiobutton" id="209" description="TV Shows">
					<height>40</height>
					<font>font13</font>
					<textcolor>grey2</textcolor>
					<focusedcolor>white</focusedcolor>
					<width>275</width>
					<label>TV Shows</label>
					<onclick>Skin.SetString(SFSubMenu,TV Shows)</onclick>
					<selected>StringCompare(Skin.String(SFSubMenu),TV Shows)</selected>
					<enable>!Skin.HasSetting(HomeMenuNoSFSubMenus)</enable>
				</control>
				<control type="radiobutton" id="210" description="Videos">
					<height>40</height>
					<font>font13</font>
					<textcolor>grey2</textcolor>
					<focusedcolor>white</focusedcolor>
					<width>275</width>
					<label>Videos</label>
					<onclick>Skin.SetString(SFSubMenu,Videos)</onclick>
					<selected>StringCompare(Skin.String(SFSubMenu),Videos)</selected>
					<enable>!Skin.HasSetting(HomeMenuNoSFSubMenus)</enable>
				</control>
				<control type="radiobutton" id="211" description="Custom1">
					<height>40</height>
					<font>font13</font>
					<textcolor>grey2</textcolor>
					<focusedcolor>white</focusedcolor>
					<width>275</width>
					<label>Custom Favourites 1</label>
					<onclick>Skin.SetString(SFSubMenu,CF1)</onclick>
					<selected>StringCompare(Skin.String(SFSubMenu),CF1)</selected>
					<enable>!Skin.HasSetting(HomeMenuNoSFSubMenus)</enable>
				</control>
				<control type="radiobutton" id="212" description="Custom2">
					<height>40</height>
					<font>font13</font>
					<textcolor>grey2</textcolor>
					<focusedcolor>white</focusedcolor>
					<width>275</width>
					<label>Custom Favourites 2</label>
					<onclick>Skin.SetString(SFSubMenu,CF2)</onclick>
					<selected>StringCompare(Skin.String(SFSubMenu),CF2)</selected>
					<enable>!Skin.HasSetting(HomeMenuNoSFSubMenus)</enable>
				</control>
				<control type="radiobutton" id="213" description="Custom3">
					<height>40</height>
					<font>font13</font>
					<textcolor>grey2</textcolor>
					<focusedcolor>white</focusedcolor>
					<width>275</width>
					<label>Custom Favourites 3</label>
					<onclick>Skin.SetString(SFSubMenu,CF3)</onclick>
					<selected>StringCompare(Skin.String(SFSubMenu),CF3)</selected>
					<enable>!Skin.HasSetting(HomeMenuNoSFSubMenus)</enable>
				</control>
				<control type="radiobutton" id="214" description="Custom4">
					<height>40</height>
					<font>font13</font>
					<textcolor>grey2</textcolor>
					<focusedcolor>white</focusedcolor>
					<width>275</width>
					<label>Custom Favourites 4</label>
					<onclick>Skin.SetString(SFSubMenu,CF4)</onclick>
					<selected>StringCompare(Skin.String(SFSubMenu),CF4)</selected>
					<enable>!Skin.HasSetting(HomeMenuNoSFSubMenus)</enable>
				</control>
				<control type="radiobutton" id="215" description="Custom5">
					<height>40</height>
					<font>font13</font>
					<textcolor>grey2</textcolor>
					<focusedcolor>white</focusedcolor>
					<width>275</width>
					<label>Custom Favourites 5</label>
					<onclick>Skin.SetString(SFSubMenu,CF5)</onclick>
					<selected>StringCompare(Skin.String(SFSubMenu),CF5)</selected>
					<enable>!Skin.HasSetting(HomeMenuNoSFSubMenus)</enable>
				</control>
				<control type="radiobutton" id="216" description="Custom6">
					<height>40</height>
					<font>font13</font>
					<textcolor>grey2</textcolor>
					<focusedcolor>white</focusedcolor>
					<width>275</width>
					<label>Custom Favourites 6</label>
					<onclick>Skin.SetString(SFSubMenu,CF6)</onclick>
					<selected>StringCompare(Skin.String(SFSubMenu),CF6)</selected>
					<enable>!Skin.HasSetting(HomeMenuNoSFSubMenus)</enable>
				</control>
			</control>
		</control>		
<!-- Main Video Section -->
		<control type="group">
			<control type="grouplist" id="9000">
				<left>100</left>
				<top>130</top>
				<width>350</width>
				<height>391</height>
				<itemgap>-1</itemgap>
				<pagecontrol>61</pagecontrol>
				<onleft>9002</onleft>
				<onright>9001</onright>
				<onup>9000</onup>
				<ondown>9000</ondown>
				
<!--Enable Videos on Nav Bar-->
				<control type="button" id="1">
					<description>Show Favourites Button</description>
					<width>350</width>
					<height>40</height>
					<font>font13</font>
					<textcolor>grey2</textcolor>
					<focusedcolor>white</focusedcolor>
					<label>[COLOR=lime]FAVOURITES Section ENABLED[/COLOR]</label>
					<onclick>Skin.ToggleSetting(HomeMenuNoSFButton)</onclick>
					<selected>!Skin.HasSetting(HomeMenuNoSFButton)</selected>
					<visible>!Skin.HasSetting(HomeMenuNoSFButton)</visible>
				</control>
				<control type="button" id="2">
					<description>Show Favourites Button</description>
					<width>350</width>
					<height>40</height>
					<font>font13</font>
					<textcolor>grey2</textcolor>
					<focusedcolor>white</focusedcolor>
					<label>[COLOR=red]DISABLED[/COLOR] - Click to enable</label>
					<onclick>Skin.ToggleSetting(HomeMenuNoSFButton)</onclick>
					<selected>!Skin.HasSetting(HomeMenuNoSFButton)</selected>
					<visible>Skin.HasSetting(HomeMenuNoSFButton)</visible>
				</control>
				<control type="radiobutton" id="3">
					<description>Use Standard Favourites Link</description>
					<width>350</width>
					<height>79</height>
					<font>font13</font>
					<textcolor>grey2</textcolor>
					<focusedcolor>white</focusedcolor>
					<label>Use Standard Favourites rather[CR]than Super Favourites</label>
					<onclick>Skin.ToggleSetting(UseDefaultSF)</onclick>
					<selected>Skin.HasSetting(UseDefaultSF)</selected>
					<visible>!Skin.HasSetting(HomeMenuNoSFButton)</visible>
				</control>
				<control type="radiobutton" id="5">
					<width>350</width>
					<height>40</height>
					<font>font13</font>
					<label>31109</label>
					<textcolor>grey2</textcolor>
					<focusedcolor>white</focusedcolor>
					<onclick>Skin.ToggleSetting(UseSFCustomBackground)</onclick>
					<selected>Skin.HasSetting(UseSFCustomBackground)</selected>
					<visible>!Skin.HasSetting(HomeMenuNoSFButton)</visible>
				</control>
				<control type="button" id="6">
					<width>350</width>
					<height>40</height>
					<font>font13</font>
					<label>- $LOCALIZE[31110]</label>
					<label2>[COLOR=selected]$INFO[Skin.String(CustomSFBackgroundPath)][/COLOR]</label2>
					<textcolor>grey2</textcolor>
					<focusedcolor>white</focusedcolor>
					<onclick>Skin.SetImage(CustomSFBackgroundPath)</onclick>
					<enable>Skin.HasSetting(UseSFCustomBackground)</enable>
					<visible>!Skin.HasSetting(HomeMenuNoSFButton)</visible>
				</control>
				<control type="radiobutton" id="7">
					<width>350</width>
					<height>40</height>
					<font>font13</font>
					<label>Enable Custom Icon Overlay</label>
					<textcolor>grey2</textcolor>
					<focusedcolor>white</focusedcolor>
					<onclick>Skin.ToggleSetting(UseCustomSFIcon)</onclick>
					<selected>Skin.HasSetting(UseCustomSFIcon)</selected>
					<visible>!Skin.HasSetting(HomeMenuNoSFButton)</visible>
				</control>
				<control type="button" id="8">
					<width>350</width>
					<height>40</height>
					<font>font13</font>
					<label>- Custom Favourites Icon</label>
					<label2>[COLOR=selected]$INFO[Skin.String(CustomSFPath)][/COLOR]</label2>
					<textcolor>grey2</textcolor>
					<focusedcolor>white</focusedcolor>
					<onclick>Skin.SetImage(CustomSFPath)</onclick>
					<enable>Skin.HasSetting(UseCustomSFIcon)</enable>
					<visible>!Skin.HasSetting(HomeMenuNoSFButton)</visible>
				</control>
				<control type="radiobutton" id="9">
					<description>Show Recently added info</description>
					<width>350</width>
					<height>40</height>
					<font>font13</font>
					<textcolor>grey2</textcolor>
					<focusedcolor>white</focusedcolor>
					<label>Show Recently Added Info</label>
					<onclick>Skin.ToggleSetting(SFRecentlyAdded)</onclick>
					<selected>Skin.HasSetting(SFRecentlyAdded)</selected>
					<visible>!Skin.HasSetting(HomeMenuNoSFButton)</visible>
				</control>
				<control type="radiobutton" id="10">
					<description>Show Recently added Movies info</description>
					<width>350</width>
					<height>40</height>
					<font>font13</font>
					<textcolor>grey2</textcolor>
					<focusedcolor>white</focusedcolor>
					<label>Show recently added Movies</label>
					<onclick>Skin.ToggleSetting(SFRecentlyAddedMovies)</onclick>
					<onclick>Skin.SetString(SFRA,Movies)</onclick>
					<selected>StringCompare(Skin.String(SFRA),Movies)</selected>
					<selected>Skin.HasSetting(SFRecentlyAddedMovies)</selected>
					<enable>Skin.HasSetting(SFRecentlyAdded)</enable>
					<visible>!Skin.HasSetting(HomeMenuNoSFButton)</visible>
				</control>
				<control type="radiobutton" id="12">
					<description>Show Recently added TV Shows info</description>
					<width>350</width>
					<height>40</height>
					<font>font13</font>
					<textcolor>grey2</textcolor>
					<focusedcolor>white</focusedcolor>
					<label>Show recently added TV Shows</label>
					<onclick>Skin.ToggleSetting(SFRecentlyAddedTVShows)</onclick>
					<onclick>Skin.SetString(SFRA,TV Shows)</onclick>
					<selected>StringCompare(Skin.String(SFRA),TV Shows)</selected>
					<selected>Skin.HasSetting(SFRecentlyAddedTVShows)</selected>
					<enable>Skin.HasSetting(SFRecentlyAdded)</enable>
					<visible>!Skin.HasSetting(HomeMenuNoSFButton)</visible>
				</control>
				<control type="radiobutton" id="11">
					<description>Show Recently added music info</description>
					<width>350</width>
					<height>40</height>
					<font>font13</font>
					<textcolor>grey2</textcolor>
					<focusedcolor>white</focusedcolor>
					<label>Show Recently added Music</label>
					<onclick>Skin.ToggleSetting(SFRecentlyAddedMusic)</onclick>
					<onclick>Skin.SetString(SFRA,Music)</onclick>
					<selected>StringCompare(Skin.String(SFRA),Music)</selected>
					<selected>Skin.HasSetting(SFRecentlyAddedMusic)</selected>
					<enable>Skin.HasSetting(SFRecentlyAdded)</enable>
					<visible>!Skin.HasSetting(HomeMenuNoSFButton)</visible>
				</control>
			</control>
		</control>
		<include>CommonNowPlaying</include>
		<include>MainWindowMouseButtons</include>
		<include>BehindDialogFadeOut</include>
		<include condition="!Skin.HasSetting(EnableClock)">Clock</include>
	</controls>
</window>
