<?xml version="1.0" encoding="UTF-8"?>
<window id="1145" type="window">
	<defaultcontrol always="true">9000</defaultcontrol>
	<controls>
		<control type="label">
			<left>240</left>
			<top>10</top>
			<width>680</width>
			<height>60</height>
			<font>font35_title</font>
			<textcolor>blue</textcolor>
			<align>left</align>
			<aligny>center</aligny>
			<label>Custom Shortcuts 5</label>
		</control>
		<control type="textbox">
			<left>240</left>
			<top>60</top>
			<width>680</width>
			<height>250</height>
			<font>font14</font>
			<textcolor>white</textcolor>
			<align>left</align>
			<label>To add shortcuts you will first need to add the relevant content to your favourites. The best method is to add as a super favourite first and then add that super favourite as a XBMC/Kodi favourite. This will ensure the item loads correctly</label>
		</control>
				<control type="group">
					<control type="grouplist" id="9000">
						<left>240</left>
						<top>200</top>
						<width>750</width>
						<height>430</height>
						<itemgap>-1</itemgap>
						<pagecontrol>61</pagecontrol>
						<onleft>9000</onleft>
						<onright>61</onright>
						<onup>9005</onup>
						<ondown>9005</ondown>
<!--Super Favourites shortcuts-->
						<control type="radiobutton" id="441">
							<description>Enable Custom Favourite 1</description>
							<width>750</width>
							<height>40</height>
							<font>font13</font>
							<textcolor>grey2</textcolor>
							<focusedcolor>white</focusedcolor>
							<label>Enable - Custom Favourite 1</label>
							<onclick>Skin.ToggleSetting(HomeMenuCFCustom51)</onclick>
							<selected>Skin.HasSetting(HomeMenuCFCustom51)</selected>
							<texturefocus>MenuItemFO.png</texturefocus>
							<texturenofocus>MenuItemNF.png</texturenofocus>
						</control>
						<control type="button" id="541">
							<width>750</width>
							<height>40</height>
							<font>font13</font>
							<label>- Set Custom Favourite 1</label>
							<label2>[COLOR=selected]$INFO[Skin.String(SFCustom51.Label)][/COLOR]</label2>
							<textcolor>grey2</textcolor>
							<focusedcolor>white</focusedcolor>
							<texturefocus>MenuItemFO.png</texturefocus>
							<texturenofocus>MenuItemNF.png</texturenofocus>
							<onclick>RunScript(script.favourites,changetitle=true&amp;property=SFCustom51)</onclick>
							<enable>Skin.HasSetting(HomeMenuCFCustom51)</enable>
							<visible>Skin.HasSetting(HomeMenuCFCustom51)</visible>					
						</control>
						<control type="button" id="641">
							<width>750</width>
							<height>40</height>
							<font>font13</font>
							<label>- Set [COLOR=blue]$INFO[Skin.String(SFCustom51.Label)][/COLOR] Icon</label>
							<label2>[COLOR=selected]$INFO[Skin.String(CFCustom51Icon)][/COLOR]</label2>
							<textcolor>grey2</textcolor>
							<focusedcolor>white</focusedcolor>
							<texturefocus>MenuItemFO.png</texturefocus>
							<texturenofocus>MenuItemNF.png</texturenofocus>
							<onclick>Skin.SetImage(CFCustom51Icon)</onclick>
							<visible>Skin.HasSetting(HomeMenuCFCustom51)</visible>
						</control>
						<control type="radiobutton" id="442">
							<description>Enable Custom Favourite 2</description>
							<width>750</width>
							<height>40</height>
							<font>font13</font>
							<textcolor>grey2</textcolor>
							<focusedcolor>white</focusedcolor>
							<label>Enable - Custom Favourite 2</label>
							<onclick>Skin.ToggleSetting(HomeMenuCFCustom52)</onclick>
							<selected>Skin.HasSetting(HomeMenuCFCustom52)</selected>
							<texturefocus>MenuItemFO.png</texturefocus>
							<texturenofocus>MenuItemNF.png</texturenofocus>
						</control>
						<control type="button" id="542">
							<width>750</width>
							<height>40</height>
							<font>font13</font>
							<label>- Set Custom Favourite 2</label>
							<label2>[COLOR=selected]$INFO[Skin.String(SFCustom52.Label)][/COLOR]</label2>
							<textcolor>grey2</textcolor>
							<focusedcolor>white</focusedcolor>
							<texturefocus>MenuItemFO.png</texturefocus>
							<texturenofocus>MenuItemNF.png</texturenofocus>
							<onclick>RunScript(script.favourites,changetitle=true&amp;property=SFCustom52)</onclick>
							<enable>Skin.HasSetting(HomeMenuCFCustom52)</enable>
							<visible>Skin.HasSetting(HomeMenuCFCustom52)</visible>					
						</control>
						<control type="button" id="642">
							<width>750</width>
							<height>40</height>
							<font>font13</font>
							<label>- Set [COLOR=blue]$INFO[Skin.String(SFCustom52.Label)][/COLOR] Icon</label>
							<label2>[COLOR=selected]$INFO[Skin.String(CFCustom52Icon)][/COLOR]</label2>
							<textcolor>grey2</textcolor>
							<focusedcolor>white</focusedcolor>
							<texturefocus>MenuItemFO.png</texturefocus>
							<texturenofocus>MenuItemNF.png</texturenofocus>
							<onclick>Skin.SetImage(CFCustom52Icon)</onclick>
							<visible>Skin.HasSetting(HomeMenuCFCustom52)</visible>
						</control>
						<control type="radiobutton" id="443">
							<description>Enable Custom Favourite 3</description>
							<width>750</width>
							<height>40</height>
							<font>font13</font>
							<textcolor>grey2</textcolor>
							<focusedcolor>white</focusedcolor>
							<label>Enable - Custom Favourite 3</label>
							<onclick>Skin.ToggleSetting(HomeMenuCFCustom53)</onclick>
							<selected>Skin.HasSetting(HomeMenuCFCustom53)</selected>
							<texturefocus>MenuItemFO.png</texturefocus>
							<texturenofocus>MenuItemNF.png</texturenofocus>
						</control>
						<control type="button" id="543">
							<width>750</width>
							<height>40</height>
							<font>font13</font>
							<label>- Set Custom Favourite 3</label>
							<label2>[COLOR=selected]$INFO[Skin.String(SFCustom53.Label)][/COLOR]</label2>
							<textcolor>grey2</textcolor>
							<focusedcolor>white</focusedcolor>
							<texturefocus>MenuItemFO.png</texturefocus>
							<texturenofocus>MenuItemNF.png</texturenofocus>
							<onclick>RunScript(script.favourites,changetitle=true&amp;property=SFCustom53)</onclick>
							<enable>Skin.HasSetting(HomeMenuCFCustom53)</enable>
							<visible>Skin.HasSetting(HomeMenuCFCustom53)</visible>					
						</control>
						<control type="button" id="643">
							<width>750</width>
							<height>40</height>
							<font>font13</font>
							<label>- Set [COLOR=blue]$INFO[Skin.String(SFCustom53.Label)][/COLOR] Icon</label>
							<label2>[COLOR=selected]$INFO[Skin.String(CFCustom53Icon)][/COLOR]</label2>
							<textcolor>grey2</textcolor>
							<focusedcolor>white</focusedcolor>
							<texturefocus>MenuItemFO.png</texturefocus>
							<texturenofocus>MenuItemNF.png</texturenofocus>
							<onclick>Skin.SetImage(CFCustom53Icon)</onclick>
							<visible>Skin.HasSetting(HomeMenuCFCustom53)</visible>
						</control>
						<control type="radiobutton" id="444">
							<description>Enable Custom Favourite 4</description>
							<width>750</width>
							<height>40</height>
							<font>font13</font>
							<textcolor>grey2</textcolor>
							<focusedcolor>white</focusedcolor>
							<label>Enable - Custom Favourite 4</label>
							<onclick>Skin.ToggleSetting(HomeMenuCFCustom54)</onclick>
							<selected>Skin.HasSetting(HomeMenuCFCustom54)</selected>
							<texturefocus>MenuItemFO.png</texturefocus>
							<texturenofocus>MenuItemNF.png</texturenofocus>
						</control>
						<control type="button" id="544">
							<width>750</width>
							<height>40</height>
							<font>font13</font>
							<label>- Set Custom Favourite 4</label>
							<label2>[COLOR=selected]$INFO[Skin.String(SFCustom54.Label)][/COLOR]</label2>
							<textcolor>grey2</textcolor>
							<focusedcolor>white</focusedcolor>
							<texturefocus>MenuItemFO.png</texturefocus>
							<texturenofocus>MenuItemNF.png</texturenofocus>
							<onclick>RunScript(script.favourites,changetitle=true&amp;property=SFCustom54)</onclick>
							<enable>Skin.HasSetting(HomeMenuCFCustom54)</enable>
							<visible>Skin.HasSetting(HomeMenuCFCustom54)</visible>					
						</control>
						<control type="button" id="644">
							<width>750</width>
							<height>40</height>
							<font>font13</font>
							<label>- Set [COLOR=blue]$INFO[Skin.String(SFCustom54.Label)][/COLOR] Icon</label>
							<label2>[COLOR=selected]$INFO[Skin.String(CFCustom54Icon)][/COLOR]</label2>
							<textcolor>grey2</textcolor>
							<focusedcolor>white</focusedcolor>
							<texturefocus>MenuItemFO.png</texturefocus>
							<texturenofocus>MenuItemNF.png</texturenofocus>
							<onclick>Skin.SetImage(CFCustom54Icon)</onclick>
							<visible>Skin.HasSetting(HomeMenuCFCustom54)</visible>
						</control>
						<control type="radiobutton" id="445">
							<description>Enable Custom Favourite 5</description>
							<width>750</width>
							<height>40</height>
							<font>font13</font>
							<textcolor>grey2</textcolor>
							<focusedcolor>white</focusedcolor>
							<label>Enable - Custom Favourite 5</label>
							<onclick>Skin.ToggleSetting(HomeMenuCFCustom55)</onclick>
							<selected>Skin.HasSetting(HomeMenuCFCustom55)</selected>
							<texturefocus>MenuItemFO.png</texturefocus>
							<texturenofocus>MenuItemNF.png</texturenofocus>
						</control>
						<control type="button" id="545">
							<width>750</width>
							<height>40</height>
							<font>font13</font>
							<label>- Set Custom Favourite 5</label>
							<label2>[COLOR=selected]$INFO[Skin.String(SFCustom55.Label)][/COLOR]</label2>
							<textcolor>grey2</textcolor>
							<focusedcolor>white</focusedcolor>
							<texturefocus>MenuItemFO.png</texturefocus>
							<texturenofocus>MenuItemNF.png</texturenofocus>
							<onclick>RunScript(script.favourites,changetitle=true&amp;property=SFCustom55)</onclick>
							<enable>Skin.HasSetting(HomeMenuCFCustom55)</enable>
							<visible>Skin.HasSetting(HomeMenuCFCustom55)</visible>					
						</control>
						<control type="button" id="645">
							<width>750</width>
							<height>40</height>
							<font>font13</font>
							<label>- Set [COLOR=blue]$INFO[Skin.String(SFCustom55.Label)][/COLOR] Icon</label>
							<label2>[COLOR=selected]$INFO[Skin.String(CFCustom55Icon)][/COLOR]</label2>
							<textcolor>grey2</textcolor>
							<focusedcolor>white</focusedcolor>
							<texturefocus>MenuItemFO.png</texturefocus>
							<texturenofocus>MenuItemNF.png</texturenofocus>
							<onclick>Skin.SetImage(CFCustom55Icon)</onclick>
							<visible>Skin.HasSetting(HomeMenuCFCustom55)</visible>
						</control>
						<control type="radiobutton" id="446">
							<description>Enable Custom Favourite 6</description>
							<width>750</width>
							<height>40</height>
							<font>font13</font>
							<textcolor>grey2</textcolor>
							<focusedcolor>white</focusedcolor>
							<label>Enable - Custom Favourite 6</label>
							<onclick>Skin.ToggleSetting(HomeMenuCFCustom56)</onclick>
							<selected>Skin.HasSetting(HomeMenuCFCustom56)</selected>
							<texturefocus>MenuItemFO.png</texturefocus>
							<texturenofocus>MenuItemNF.png</texturenofocus>
						</control>
						<control type="button" id="546">
							<width>750</width>
							<height>40</height>
							<font>font13</font>
							<label>- Set Custom Favourite 6</label>
							<label2>[COLOR=selected]$INFO[Skin.String(SFCustom56.Label)][/COLOR]</label2>
							<textcolor>grey2</textcolor>
							<focusedcolor>white</focusedcolor>
							<texturefocus>MenuItemFO.png</texturefocus>
							<texturenofocus>MenuItemNF.png</texturenofocus>
							<onclick>RunScript(script.favourites,changetitle=true&amp;property=SFCustom56)</onclick>
							<enable>Skin.HasSetting(HomeMenuCFCustom56)</enable>
							<visible>Skin.HasSetting(HomeMenuCFCustom56)</visible>					
						</control>
						<control type="button" id="646">
							<width>750</width>
							<height>40</height>
							<font>font13</font>
							<label>- Set [COLOR=blue]$INFO[Skin.String(SFCustom56.Label)][/COLOR] Icon</label>
							<label2>[COLOR=selected]$INFO[Skin.String(CFCustom56Icon)][/COLOR]</label2>
							<textcolor>grey2</textcolor>
							<focusedcolor>white</focusedcolor>
							<texturefocus>MenuItemFO.png</texturefocus>
							<texturenofocus>MenuItemNF.png</texturenofocus>
							<onclick>Skin.SetImage(CFCustom56Icon)</onclick>
							<visible>Skin.HasSetting(HomeMenuCFCustom56)</visible>
						</control>
						<control type="radiobutton" id="447">
							<description>Enable Custom Favourite 7</description>
							<width>750</width>
							<height>40</height>
							<font>font13</font>
							<textcolor>grey2</textcolor>
							<focusedcolor>white</focusedcolor>
							<label>Enable - Custom Favourite 7</label>
							<onclick>Skin.ToggleSetting(HomeMenuCFCustom57)</onclick>
							<selected>Skin.HasSetting(HomeMenuCFCustom57)</selected>
							<texturefocus>MenuItemFO.png</texturefocus>
							<texturenofocus>MenuItemNF.png</texturenofocus>
						</control>
						<control type="button" id="547">
							<width>750</width>
							<height>40</height>
							<font>font13</font>
							<label>- Set Custom Favourite 7</label>
							<label2>[COLOR=selected]$INFO[Skin.String(SFCustom57.Label)][/COLOR]</label2>
							<textcolor>grey2</textcolor>
							<focusedcolor>white</focusedcolor>
							<texturefocus>MenuItemFO.png</texturefocus>
							<texturenofocus>MenuItemNF.png</texturenofocus>
							<onclick>RunScript(script.favourites,changetitle=true&amp;property=SFCustom57)</onclick>
							<enable>Skin.HasSetting(HomeMenuCFCustom57)</enable>
							<visible>Skin.HasSetting(HomeMenuCFCustom57)</visible>					
						</control>
						<control type="button" id="647">
							<width>750</width>
							<height>40</height>
							<font>font13</font>
							<label>- Set [COLOR=blue]$INFO[Skin.String(SFCustom57.Label)][/COLOR] Icon</label>
							<label2>[COLOR=selected]$INFO[Skin.String(CFCustom57Icon)][/COLOR]</label2>
							<textcolor>grey2</textcolor>
							<focusedcolor>white</focusedcolor>
							<texturefocus>MenuItemFO.png</texturefocus>
							<texturenofocus>MenuItemNF.png</texturenofocus>
							<onclick>Skin.SetImage(CFCustom57Icon)</onclick>
							<visible>Skin.HasSetting(HomeMenuCFCustom57)</visible>
						</control>
						<control type="radiobutton" id="448">
							<description>Enable Custom Favourite 8</description>
							<width>750</width>
							<height>40</height>
							<font>font13</font>
							<textcolor>grey2</textcolor>
							<focusedcolor>white</focusedcolor>
							<label>Enable - Custom Favourite 8</label>
							<onclick>Skin.ToggleSetting(HomeMenuCFCustom58)</onclick>
							<selected>Skin.HasSetting(HomeMenuCFCustom58)</selected>
							<texturefocus>MenuItemFO.png</texturefocus>
							<texturenofocus>MenuItemNF.png</texturenofocus>
						</control>
						<control type="button" id="548">
							<width>750</width>
							<height>40</height>
							<font>font13</font>
							<label>- Set Custom Favourite 8</label>
							<label2>[COLOR=selected]$INFO[Skin.String(SFCustom58.Label)][/COLOR]</label2>
							<textcolor>grey2</textcolor>
							<focusedcolor>white</focusedcolor>
							<texturefocus>MenuItemFO.png</texturefocus>
							<texturenofocus>MenuItemNF.png</texturenofocus>
							<onclick>RunScript(script.favourites,changetitle=true&amp;property=SFCustom58)</onclick>
							<enable>Skin.HasSetting(HomeMenuCFCustom58)</enable>
							<visible>Skin.HasSetting(HomeMenuCFCustom58)</visible>					
						</control>
						<control type="button" id="648">
							<width>750</width>
							<height>40</height>
							<font>font13</font>
							<label>- Set [COLOR=blue]$INFO[Skin.String(SFCustom58.Label)][/COLOR] Icon</label>
							<label2>[COLOR=selected]$INFO[Skin.String(CFCustom58Icon)][/COLOR]</label2>
							<textcolor>grey2</textcolor>
							<focusedcolor>white</focusedcolor>
							<texturefocus>MenuItemFO.png</texturefocus>
							<texturenofocus>MenuItemNF.png</texturenofocus>
							<onclick>Skin.SetImage(CFCustom58Icon)</onclick>
							<visible>Skin.HasSetting(HomeMenuCFCustom58)</visible>
						</control>
						<control type="radiobutton" id="449">
							<description>Enable Custom Favourite 9</description>
							<width>750</width>
							<height>40</height>
							<font>font13</font>
							<textcolor>grey2</textcolor>
							<focusedcolor>white</focusedcolor>
							<label>Enable - Custom Favourite 9</label>
							<onclick>Skin.ToggleSetting(HomeMenuCFCustom59)</onclick>
							<selected>Skin.HasSetting(HomeMenuCFCustom59)</selected>
							<texturefocus>MenuItemFO.png</texturefocus>
							<texturenofocus>MenuItemNF.png</texturenofocus>
						</control>
						<control type="button" id="549">
							<width>750</width>
							<height>40</height>
							<font>font13</font>
							<label>- Set Custom Favourite 9</label>
							<label2>[COLOR=selected]$INFO[Skin.String(SFCustom59.Label)][/COLOR]</label2>
							<textcolor>grey2</textcolor>
							<focusedcolor>white</focusedcolor>
							<texturefocus>MenuItemFO.png</texturefocus>
							<texturenofocus>MenuItemNF.png</texturenofocus>
							<onclick>RunScript(script.favourites,changetitle=true&amp;property=SFCustom59)</onclick>
							<enable>Skin.HasSetting(HomeMenuCFCustom59)</enable>
							<visible>Skin.HasSetting(HomeMenuCFCustom59)</visible>					
						</control>
						<control type="button" id="649">
							<width>750</width>
							<height>40</height>
							<font>font13</font>
							<label>- Set [COLOR=blue]$INFO[Skin.String(SFCustom59.Label)][/COLOR] Icon</label>
							<label2>[COLOR=selected]$INFO[Skin.String(CFCustom59Icon)][/COLOR]</label2>
							<textcolor>grey2</textcolor>
							<focusedcolor>white</focusedcolor>
							<texturefocus>MenuItemFO.png</texturefocus>
							<texturenofocus>MenuItemNF.png</texturenofocus>
							<onclick>Skin.SetImage(CFCustom59Icon)</onclick>
							<visible>Skin.HasSetting(HomeMenuCFCustom59)</visible>
						</control>
						<control type="radiobutton" id="450">
							<description>Enable Custom Favourite 10</description>
							<width>750</width>
							<height>40</height>
							<font>font13</font>
							<textcolor>grey2</textcolor>
							<focusedcolor>white</focusedcolor>
							<label>Enable - Custom Favourite 10</label>
							<onclick>Skin.ToggleSetting(HomeMenuCFCustom510)</onclick>
							<selected>Skin.HasSetting(HomeMenuCFCustom510)</selected>
							<texturefocus>MenuItemFO.png</texturefocus>
							<texturenofocus>MenuItemNF.png</texturenofocus>
						</control>
						<control type="button" id="550">
							<width>750</width>
							<height>40</height>
							<font>font13</font>
							<label>- Set Custom Favourite 10</label>
							<label2>[COLOR=selected]$INFO[Skin.String(SFCustom510.Label)][/COLOR]</label2>
							<textcolor>grey2</textcolor>
							<focusedcolor>white</focusedcolor>
							<texturefocus>MenuItemFO.png</texturefocus>
							<texturenofocus>MenuItemNF.png</texturenofocus>
							<onclick>RunScript(script.favourites,changetitle=true&amp;property=SFCustom510)</onclick>
							<enable>Skin.HasSetting(HomeMenuCFCustom510)</enable>
							<visible>Skin.HasSetting(HomeMenuCFCustom510)</visible>					
						</control>
						<control type="button" id="650">
							<width>750</width>
							<height>40</height>
							<font>font13</font>
							<label>- Set [COLOR=blue]$INFO[Skin.String(SFCustom510.Label)][/COLOR] Icon</label>
							<label2>[COLOR=selected]$INFO[Skin.String(CFCustom510Icon)][/COLOR]</label2>
							<textcolor>grey2</textcolor>
							<focusedcolor>white</focusedcolor>
							<texturefocus>MenuItemFO.png</texturefocus>
							<texturenofocus>MenuItemNF.png</texturenofocus>
							<onclick>Skin.SetImage(CFCustom510Icon)</onclick>
							<visible>Skin.HasSetting(HomeMenuCFCustom510)</visible>
						</control>
						<control type="radiobutton" id="451">
							<description>Enable Custom Favourite 11</description>
							<width>750</width>
							<height>40</height>
							<font>font13</font>
							<textcolor>grey2</textcolor>
							<focusedcolor>white</focusedcolor>
							<label>Enable - Custom Favourite 11</label>
							<onclick>Skin.ToggleSetting(HomeMenuCFCustom511)</onclick>
							<selected>Skin.HasSetting(HomeMenuCFCustom511)</selected>
							<texturefocus>MenuItemFO.png</texturefocus>
							<texturenofocus>MenuItemNF.png</texturenofocus>
						</control>
						<control type="button" id="551">
							<width>750</width>
							<height>40</height>
							<font>font13</font>
							<label>- Set Custom Favourite 11</label>
							<label2>[COLOR=selected]$INFO[Skin.String(SFCustom511.Label)][/COLOR]</label2>
							<textcolor>grey2</textcolor>
							<focusedcolor>white</focusedcolor>
							<texturefocus>MenuItemFO.png</texturefocus>
							<texturenofocus>MenuItemNF.png</texturenofocus>
							<onclick>RunScript(script.favourites,changetitle=true&amp;property=SFCustom511)</onclick>
							<enable>Skin.HasSetting(HomeMenuCFCustom511)</enable>
							<visible>Skin.HasSetting(HomeMenuCFCustom511)</visible>					
						</control>
						<control type="button" id="651">
							<width>750</width>
							<height>40</height>
							<font>font13</font>
							<label>- Set [COLOR=blue]$INFO[Skin.String(SFCustom511.Label)][/COLOR] Icon</label>
							<label2>[COLOR=selected]$INFO[Skin.String(CFCustom511Icon)][/COLOR]</label2>
							<textcolor>grey2</textcolor>
							<focusedcolor>white</focusedcolor>
							<texturefocus>MenuItemFO.png</texturefocus>
							<texturenofocus>MenuItemNF.png</texturenofocus>
							<onclick>Skin.SetImage(CFCustom511Icon)</onclick>
							<visible>Skin.HasSetting(HomeMenuCFCustom511)</visible>
						</control>
						<control type="radiobutton" id="452">
							<description>Enable Custom Favourite 12</description>
							<width>750</width>
							<height>40</height>
							<font>font13</font>
							<textcolor>grey2</textcolor>
							<focusedcolor>white</focusedcolor>
							<label>Enable - Custom Favourite 12</label>
							<onclick>Skin.ToggleSetting(HomeMenuCFCustom512)</onclick>
							<selected>Skin.HasSetting(HomeMenuCFCustom512)</selected>
							<texturefocus>MenuItemFO.png</texturefocus>
							<texturenofocus>MenuItemNF.png</texturenofocus>
						</control>
						<control type="button" id="552">
							<width>750</width>
							<height>40</height>
							<font>font13</font>
							<label>- Set Custom Favourite 12</label>
							<label2>[COLOR=selected]$INFO[Skin.String(SFCustom512.Label)][/COLOR]</label2>
							<textcolor>grey2</textcolor>
							<focusedcolor>white</focusedcolor>
							<texturefocus>MenuItemFO.png</texturefocus>
							<texturenofocus>MenuItemNF.png</texturenofocus>
							<onclick>RunScript(script.favourites,changetitle=true&amp;property=SFCustom512)</onclick>
							<enable>Skin.HasSetting(HomeMenuCFCustom512)</enable>
							<visible>Skin.HasSetting(HomeMenuCFCustom512)</visible>					
						</control>
						<control type="button" id="652">
							<width>750</width>
							<height>40</height>
							<font>font13</font>
							<label>- Set [COLOR=blue]$INFO[Skin.String(SFCustom512.Label)][/COLOR] Icon</label>
							<label2>[COLOR=selected]$INFO[Skin.String(CFCustom512Icon)][/COLOR]</label2>
							<textcolor>grey2</textcolor>
							<focusedcolor>white</focusedcolor>
							<texturefocus>MenuItemFO.png</texturefocus>
							<texturenofocus>MenuItemNF.png</texturenofocus>
							<onclick>Skin.SetImage(CFCustom512Icon)</onclick>
							<visible>Skin.HasSetting(HomeMenuCFCustom512)</visible>
						</control>
						<control type="radiobutton" id="453">
							<description>Enable Custom Favourite 13</description>
							<width>750</width>
							<height>40</height>
							<font>font13</font>
							<textcolor>grey2</textcolor>
							<focusedcolor>white</focusedcolor>
							<label>Enable - Custom Favourite 13</label>
							<onclick>Skin.ToggleSetting(HomeMenuCFCustom513)</onclick>
							<selected>Skin.HasSetting(HomeMenuCFCustom513)</selected>
							<texturefocus>MenuItemFO.png</texturefocus>
							<texturenofocus>MenuItemNF.png</texturenofocus>
						</control>
						<control type="button" id="553">
							<width>750</width>
							<height>40</height>
							<font>font13</font>
							<label>- Set Custom Favourite 13</label>
							<label2>[COLOR=selected]$INFO[Skin.String(SFCustom513.Label)][/COLOR]</label2>
							<textcolor>grey2</textcolor>
							<focusedcolor>white</focusedcolor>
							<texturefocus>MenuItemFO.png</texturefocus>
							<texturenofocus>MenuItemNF.png</texturenofocus>
							<onclick>RunScript(script.favourites,changetitle=true&amp;property=SFCustom513)</onclick>
							<enable>Skin.HasSetting(HomeMenuCFCustom513)</enable>
							<visible>Skin.HasSetting(HomeMenuCFCustom513)</visible>					
						</control>
						<control type="button" id="653">
							<width>750</width>
							<height>40</height>
							<font>font13</font>
							<label>- Set [COLOR=blue]$INFO[Skin.String(SFCustom513.Label)][/COLOR] Icon</label>
							<label2>[COLOR=selected]$INFO[Skin.String(CFCustom513Icon)][/COLOR]</label2>
							<textcolor>grey2</textcolor>
							<focusedcolor>white</focusedcolor>
							<texturefocus>MenuItemFO.png</texturefocus>
							<texturenofocus>MenuItemNF.png</texturenofocus>
							<onclick>Skin.SetImage(CFCustom513Icon)</onclick>
							<visible>Skin.HasSetting(HomeMenuCFCustom513)</visible>
						</control>
						<control type="radiobutton" id="454">
							<description>Enable Custom Favourite 14</description>
							<width>750</width>
							<height>40</height>
							<font>font13</font>
							<textcolor>grey2</textcolor>
							<focusedcolor>white</focusedcolor>
							<label>Enable - Custom Favourite 14</label>
							<onclick>Skin.ToggleSetting(HomeMenuCFCustom514)</onclick>
							<selected>Skin.HasSetting(HomeMenuCFCustom514)</selected>
							<texturefocus>MenuItemFO.png</texturefocus>
							<texturenofocus>MenuItemNF.png</texturenofocus>
						</control>
						<control type="button" id="554">
							<width>750</width>
							<height>40</height>
							<font>font13</font>
							<label>- Set Custom Favourite 14</label>
							<label2>[COLOR=selected]$INFO[Skin.String(SFCustom514.Label)][/COLOR]</label2>
							<textcolor>grey2</textcolor>
							<focusedcolor>white</focusedcolor>
							<texturefocus>MenuItemFO.png</texturefocus>
							<texturenofocus>MenuItemNF.png</texturenofocus>
							<onclick>RunScript(script.favourites,changetitle=true&amp;property=SFCustom514)</onclick>
							<enable>Skin.HasSetting(HomeMenuCFCustom514)</enable>
							<visible>Skin.HasSetting(HomeMenuCFCustom514)</visible>					
						</control>
						<control type="button" id="654">
							<width>750</width>
							<height>40</height>
							<font>font13</font>
							<label>- Set [COLOR=blue]$INFO[Skin.String(SFCustom514.Label)][/COLOR] Icon</label>
							<label2>[COLOR=selected]$INFO[Skin.String(CFCustom514Icon)][/COLOR]</label2>
							<textcolor>grey2</textcolor>
							<focusedcolor>white</focusedcolor>
							<texturefocus>MenuItemFO.png</texturefocus>
							<texturenofocus>MenuItemNF.png</texturenofocus>
							<onclick>Skin.SetImage(CFCustom514Icon)</onclick>
							<visible>Skin.HasSetting(HomeMenuCFCustom514)</visible>
						</control>
						<control type="radiobutton" id="455">
							<description>Enable Custom Favourite 15</description>
							<width>750</width>
							<height>40</height>
							<font>font13</font>
							<textcolor>grey2</textcolor>
							<focusedcolor>white</focusedcolor>
							<label>Enable - Custom Favourite 15</label>
							<onclick>Skin.ToggleSetting(HomeMenuCFCustom515)</onclick>
							<selected>Skin.HasSetting(HomeMenuCFCustom515)</selected>
							<texturefocus>MenuItemFO.png</texturefocus>
							<texturenofocus>MenuItemNF.png</texturenofocus>
						</control>
						<control type="button" id="555">
							<width>750</width>
							<height>40</height>
							<font>font13</font>
							<label>- Set Custom Favourite 15</label>
							<label2>[COLOR=selected]$INFO[Skin.String(SFCustom515.Label)][/COLOR]</label2>
							<textcolor>grey2</textcolor>
							<focusedcolor>white</focusedcolor>
							<texturefocus>MenuItemFO.png</texturefocus>
							<texturenofocus>MenuItemNF.png</texturenofocus>
							<onclick>RunScript(script.favourites,changetitle=true&amp;property=SFCustom515)</onclick>
							<enable>Skin.HasSetting(HomeMenuCFCustom515)</enable>
							<visible>Skin.HasSetting(HomeMenuCFCustom515)</visible>					
						</control>
						<control type="button" id="655">
							<width>750</width>
							<height>40</height>
							<font>font13</font>
							<label>- Set [COLOR=blue]$INFO[Skin.String(SFCustom515.Label)][/COLOR] Icon</label>
							<label2>[COLOR=selected]$INFO[Skin.String(CFCustom515Icon)][/COLOR]</label2>
							<textcolor>grey2</textcolor>
							<focusedcolor>white</focusedcolor>
							<texturefocus>MenuItemFO.png</texturefocus>
							<texturenofocus>MenuItemNF.png</texturenofocus>
							<onclick>Skin.SetImage(CFCustom515Icon)</onclick>
							<visible>Skin.HasSetting(HomeMenuCFCustom515)</visible>
						</control>
						<control type="radiobutton" id="456">
							<description>Enable Custom Favourite 16</description>
							<width>750</width>
							<height>40</height>
							<font>font13</font>
							<textcolor>grey2</textcolor>
							<focusedcolor>white</focusedcolor>
							<label>Enable - Custom Favourite 16</label>
							<onclick>Skin.ToggleSetting(HomeMenuCFCustom516)</onclick>
							<selected>Skin.HasSetting(HomeMenuCFCustom516)</selected>
							<texturefocus>MenuItemFO.png</texturefocus>
							<texturenofocus>MenuItemNF.png</texturenofocus>
						</control>
						<control type="button" id="556">
							<width>750</width>
							<height>40</height>
							<font>font13</font>
							<label>- Set Custom Favourite 16</label>
							<label2>[COLOR=selected]$INFO[Skin.String(SFCustom516.Label)][/COLOR]</label2>
							<textcolor>grey2</textcolor>
							<focusedcolor>white</focusedcolor>
							<texturefocus>MenuItemFO.png</texturefocus>
							<texturenofocus>MenuItemNF.png</texturenofocus>
							<onclick>RunScript(script.favourites,changetitle=true&amp;property=SFCustom516)</onclick>
							<enable>Skin.HasSetting(HomeMenuCFCustom516)</enable>
							<visible>Skin.HasSetting(HomeMenuCFCustom516)</visible>					
						</control>
						<control type="button" id="656">
							<width>750</width>
							<height>40</height>
							<font>font13</font>
							<label>- Set [COLOR=blue]$INFO[Skin.String(SFCustom516.Label)][/COLOR] Icon</label>
							<label2>[COLOR=selected]$INFO[Skin.String(CFCustom516Icon)][/COLOR]</label2>
							<textcolor>grey2</textcolor>
							<focusedcolor>white</focusedcolor>
							<texturefocus>MenuItemFO.png</texturefocus>
							<texturenofocus>MenuItemNF.png</texturenofocus>
							<onclick>Skin.SetImage(CFCustom516Icon)</onclick>
							<visible>Skin.HasSetting(HomeMenuCFCustom516)</visible>
						</control>
						<control type="radiobutton" id="457">
							<description>Enable Custom Favourite 17</description>
							<width>750</width>
							<height>40</height>
							<font>font13</font>
							<textcolor>grey2</textcolor>
							<focusedcolor>white</focusedcolor>
							<label>Enable - Custom Favourite 17</label>
							<onclick>Skin.ToggleSetting(HomeMenuCFCustom517)</onclick>
							<selected>Skin.HasSetting(HomeMenuCFCustom517)</selected>
							<texturefocus>MenuItemFO.png</texturefocus>
							<texturenofocus>MenuItemNF.png</texturenofocus>
						</control>
						<control type="button" id="557">
							<width>750</width>
							<height>40</height>
							<font>font13</font>
							<label>- Set Custom Favourite 17</label>
							<label2>[COLOR=selected]$INFO[Skin.String(SFCustom517.Label)][/COLOR]</label2>
							<textcolor>grey2</textcolor>
							<focusedcolor>white</focusedcolor>
							<texturefocus>MenuItemFO.png</texturefocus>
							<texturenofocus>MenuItemNF.png</texturenofocus>
							<onclick>RunScript(script.favourites,changetitle=true&amp;property=SFCustom517)</onclick>
							<enable>Skin.HasSetting(HomeMenuCFCustom517)</enable>
							<visible>Skin.HasSetting(HomeMenuCFCustom517)</visible>					
						</control>
						<control type="button" id="657">
							<width>750</width>
							<height>40</height>
							<font>font13</font>
							<label>- Set [COLOR=blue]$INFO[Skin.String(SFCustom517.Label)][/COLOR] Icon</label>
							<label2>[COLOR=selected]$INFO[Skin.String(CFCustom517Icon)][/COLOR]</label2>
							<textcolor>grey2</textcolor>
							<focusedcolor>white</focusedcolor>
							<texturefocus>MenuItemFO.png</texturefocus>
							<texturenofocus>MenuItemNF.png</texturenofocus>
							<onclick>Skin.SetImage(CFCustom517Icon)</onclick>
							<visible>Skin.HasSetting(HomeMenuCFCustom517)</visible>
						</control>
						<control type="radiobutton" id="458">
							<description>Enable Custom Favourite 18</description>
							<width>750</width>
							<height>40</height>
							<font>font13</font>
							<textcolor>grey2</textcolor>
							<focusedcolor>white</focusedcolor>
							<label>Enable - Custom Favourite 18</label>
							<onclick>Skin.ToggleSetting(HomeMenuCFCustom518)</onclick>
							<selected>Skin.HasSetting(HomeMenuCFCustom518)</selected>
							<texturefocus>MenuItemFO.png</texturefocus>
							<texturenofocus>MenuItemNF.png</texturenofocus>
						</control>
						<control type="button" id="558">
							<width>750</width>
							<height>40</height>
							<font>font13</font>
							<label>- Set Custom Favourite 18</label>
							<label2>[COLOR=selected]$INFO[Skin.String(SFCustom518.Label)][/COLOR]</label2>
							<textcolor>grey2</textcolor>
							<focusedcolor>white</focusedcolor>
							<texturefocus>MenuItemFO.png</texturefocus>
							<texturenofocus>MenuItemNF.png</texturenofocus>
							<onclick>RunScript(script.favourites,changetitle=true&amp;property=SFCustom518)</onclick>
							<enable>Skin.HasSetting(HomeMenuCFCustom518)</enable>
							<visible>Skin.HasSetting(HomeMenuCFCustom518)</visible>					
						</control>
						<control type="button" id="658">
							<width>750</width>
							<height>40</height>
							<font>font13</font>
							<label>- Set [COLOR=blue]$INFO[Skin.String(SFCustom518.Label)][/COLOR] Icon</label>
							<label2>[COLOR=selected]$INFO[Skin.String(CFCustom518Icon)][/COLOR]</label2>
							<textcolor>grey2</textcolor>
							<focusedcolor>white</focusedcolor>
							<texturefocus>MenuItemFO.png</texturefocus>
							<texturenofocus>MenuItemNF.png</texturenofocus>
							<onclick>Skin.SetImage(CFCustom518Icon)</onclick>
							<visible>Skin.HasSetting(HomeMenuCFCustom518)</visible>
						</control>
						<control type="radiobutton" id="459">
							<description>Enable Custom Favourite 19</description>
							<width>750</width>
							<height>40</height>
							<font>font13</font>
							<textcolor>grey2</textcolor>
							<focusedcolor>white</focusedcolor>
							<label>Enable - Custom Favourite 19</label>
							<onclick>Skin.ToggleSetting(HomeMenuCFCustom519)</onclick>
							<selected>Skin.HasSetting(HomeMenuCFCustom519)</selected>
							<texturefocus>MenuItemFO.png</texturefocus>
							<texturenofocus>MenuItemNF.png</texturenofocus>
						</control>
						<control type="button" id="559">
							<width>750</width>
							<height>40</height>
							<font>font13</font>
							<label>- Set Custom Favourite 19</label>
							<label2>[COLOR=selected]$INFO[Skin.String(SFCustom519.Label)][/COLOR]</label2>
							<textcolor>grey2</textcolor>
							<focusedcolor>white</focusedcolor>
							<texturefocus>MenuItemFO.png</texturefocus>
							<texturenofocus>MenuItemNF.png</texturenofocus>
							<onclick>RunScript(script.favourites,changetitle=true&amp;property=SFCustom519)</onclick>
							<enable>Skin.HasSetting(HomeMenuCFCustom519)</enable>
							<visible>Skin.HasSetting(HomeMenuCFCustom519)</visible>					
						</control>
						<control type="button" id="659">
							<width>750</width>
							<height>40</height>
							<font>font13</font>
							<label>- Set [COLOR=blue]$INFO[Skin.String(SFCustom519.Label)][/COLOR] Icon</label>
							<label2>[COLOR=selected]$INFO[Skin.String(CFCustom519Icon)][/COLOR]</label2>
							<textcolor>grey2</textcolor>
							<focusedcolor>white</focusedcolor>
							<texturefocus>MenuItemFO.png</texturefocus>
							<texturenofocus>MenuItemNF.png</texturenofocus>
							<onclick>Skin.SetImage(CFCustom519Icon)</onclick>
							<visible>Skin.HasSetting(HomeMenuCFCustom519)</visible>
						</control>
						<control type="radiobutton" id="460">
							<description>Enable Custom Favourite 20</description>
							<width>750</width>
							<height>40</height>
							<font>font13</font>
							<textcolor>grey2</textcolor>
							<focusedcolor>white</focusedcolor>
							<label>Enable - Custom Favourite 20</label>
							<onclick>Skin.ToggleSetting(HomeMenuCFCustom520)</onclick>
							<selected>Skin.HasSetting(HomeMenuCFCustom520)</selected>
							<texturefocus>MenuItemFO.png</texturefocus>
							<texturenofocus>MenuItemNF.png</texturenofocus>
						</control>
						<control type="button" id="560">
							<width>750</width>
							<height>40</height>
							<font>font13</font>
							<label>- Set Custom Favourite 20</label>
							<label2>[COLOR=selected]$INFO[Skin.String(SFCustom520.Label)][/COLOR]</label2>
							<textcolor>grey2</textcolor>
							<focusedcolor>white</focusedcolor>
							<texturefocus>MenuItemFO.png</texturefocus>
							<texturenofocus>MenuItemNF.png</texturenofocus>
							<onclick>RunScript(script.favourites,changetitle=true&amp;property=SFCustom520)</onclick>
							<enable>Skin.HasSetting(HomeMenuCFCustom520)</enable>
							<visible>Skin.HasSetting(HomeMenuCFCustom520)</visible>					
						</control>
						<control type="button" id="660">
							<width>750</width>
							<height>40</height>
							<font>font13</font>
							<label>- Set [COLOR=blue]$INFO[Skin.String(SFCustom520.Label)][/COLOR] Icon</label>
							<label2>[COLOR=selected]$INFO[Skin.String(CFCustom520Icon)][/COLOR]</label2>
							<textcolor>grey2</textcolor>
							<focusedcolor>white</focusedcolor>
							<texturefocus>MenuItemFO.png</texturefocus>
							<texturenofocus>MenuItemNF.png</texturenofocus>
							<onclick>Skin.SetImage(CFCustom520Icon)</onclick>
							<visible>Skin.HasSetting(HomeMenuCFCustom520)</visible>
						</control>
					</control>
				</control>
		<include>CommonNowPlaying</include>
		<include>MainWindowMouseButtons</include>
		<include>BehindDialogFadeOut</include>
		<include condition="!Skin.HasSetting(EnableClock)">Clock</include>
	</controls>
</window>
