<?xml version="1.0" encoding="UTF-8"?>
<window id="1113" type="window">
	<defaultcontrol always="true">9000</defaultcontrol>
	<controls>
		<control type="label">
			<posx>100</posx>
			<posy>50</posy>
			<width>350</width>
			<height>60</height>
			<font>font35_title</font>
			<textcolor>blue</textcolor>
			<align>left</align>
			<aligny>center</aligny>
			<label>Video Section</label>
		</control>
		<control type="label">
			<posx>100</posx>
			<posy>100</posy>
			<width>350</width>
			<height>40</height>
			<font>font12</font>
			<textcolor>white</textcolor>
			<align>left</align>
			<aligny>top</aligny>
			<label>Fully customise your Video section.[CR]</label>
		</control>
		<control type="label">
			<posx>500</posx>
			<posy>50</posy>
			<width>200</width>
			<height>60</height>
			<font>font35_title</font>
			<textcolor>blue</textcolor>
			<align>left</align>
			<aligny>center</aligny>
			<label>Shortcuts</label>
			<visible>!Skin.HasSetting(HomeMenuNoVideoButton)</visible>
		</control>				
		<control type="label">
			<posx>500</posx>
			<posy>100</posy>
			<width>250</width>
			<height>40</height>
			<font>font12</font>
			<textcolor>white</textcolor>
			<align>left</align>
			<aligny>top</aligny>
			<label>Select the shortcut set to use.[CR]</label>
			<visible>!Skin.HasSetting(HomeMenuNoVideoButton)</visible>
		</control>
		<control type="label">
			<posx>825</posx>
			<posy>50</posy>
			<width>200</width>
			<height>60</height>
			<font>font35_title</font>
			<textcolor>blue</textcolor>
			<align>left</align>
			<aligny>center</aligny>
			<label>Sub-Menu</label>
			<visible>!Skin.HasSetting(HomeMenuNoVideoButton)</visible>
		</control>				
		<control type="label">
			<posx>825</posx>
			<posy>100</posy>
			<width>250</width>
			<height>40</height>
			<font>font12</font>
			<textcolor>white</textcolor>
			<align>left</align>
			<aligny>top</aligny>
			<label>Select the Sub-Menu set to use.[CR]</label>
			<visible>!Skin.HasSetting(HomeMenuNoVideoButton)</visible>
		</control>

<!-- Shortcuts Section -->
		<control type="group">
			<control type="grouplist" id="9001" description="Video Sub-Menu Options">
				<visible>!Skin.HasSetting(HomeMenuNoVideoButton)</visible>
				<posx>500</posx>
				<posy>130</posy>
				<width>300</width>
				<height>391</height>
				<onleft>9000</onleft>
				<onright>9002</onright>
				<onup>9001</onup>
				<ondown>9001</ondown>
				<itemgap>-1</itemgap>
				<pagecontrol>61</pagecontrol>
				<scrolltime>280</scrolltime>
				<control type="button" id="100">
					<description>Show Shortcuts</description>
					<width>275</width>
					<height>40</height>
					<font>font13</font>
					<label>[COLOR=lime]Shortcuts ENABLED[/COLOR]</label>
					<onclick>Skin.ToggleSetting(HomeMenuNoVideoShortcuts)</onclick>
					<selected>Skin.HasSetting(HomeMenuNoVideoShortcuts)</selected>
					<visible>Skin.HasSetting(HomeMenuNoVideoShortcuts)</visible>
				</control>
				<control type="button" id="101">
					<description>Show Shortcuts</description>
					<width>275	</width>
					<height>40</height>
					<font>font13</font>
					<label>[COLOR=red]DISABLED[/COLOR] - Click to enable</label>
					<onclick>Skin.ToggleSetting(HomeMenuNoVideoShortcuts)</onclick>
					<selected>!Skin.HasSetting(HomeMenuNoVideoShortcuts)</selected>
					<visible>!Skin.HasSetting(HomeMenuNoVideoShortcuts)</visible>
				</control>
				<control type="radiobutton" id="118" description="Android">
					<height>40</height>
					<font>font13</font>
					<textcolor>grey2</textcolor>
					<focusedcolor>white</focusedcolor>
					<width>275</width>
					<label>Android</label>
					<onclick>Skin.SetString(VideoShortcut,Android)</onclick>
					<selected>StringCompare(Skin.String(VideoShortcut),Android)</selected>
					<enable>Skin.HasSetting(HomeMenuNoVideoShortcuts)</enable>
					<visible>System.Platform.Android</visible>
				</control>
				<control type="radiobutton" id="108" description="Favourites">
					<height>40</height>
					<font>font13</font>
					<textcolor>grey2</textcolor>
					<focusedcolor>white</focusedcolor>
					<width>275</width>
					<label>Favourites</label>
					<onclick>Skin.SetString(VideoShortcut,Favourites)</onclick>
					<selected>StringCompare(Skin.String(VideoShortcut),Favourites)</selected>
					<enable>Skin.HasSetting(HomeMenuNoVideoShortcuts)</enable>
				</control>
				<control type="radiobutton" id="102" description="Gaming">
					<height>40</height>
					<font>font13</font>
					<textcolor>grey2</textcolor>
					<focusedcolor>white</focusedcolor>
					<width>275</width>
					<label>Gaming</label>
					<onclick>Skin.SetString(VideoShortcut,Gaming)</onclick>
					<selected>StringCompare(Skin.String(VideoShortcut),Gaming)</selected>
					<enable>Skin.HasSetting(HomeMenuNoVideoShortcuts)</enable>
				</control>
				<control type="radiobutton" id="103" description="Live TV">
					<height>40</height>
					<font>font13</font>
					<textcolor>grey2</textcolor>
					<focusedcolor>white</focusedcolor>
					<width>275</width>
					<label>Live TV</label>
					<onclick>Skin.SetString(VideoShortcut,Live TV)</onclick>
					<selected>StringCompare(Skin.String(VideoShortcut),Live TV)</selected>
					<enable>Skin.HasSetting(HomeMenuNoVideoShortcuts)</enable>
				</control>
				<control type="radiobutton" id="104" description="Movies">
					<height>40</height>
					<font>font13</font>
					<textcolor>grey2</textcolor>
					<focusedcolor>white</focusedcolor>
					<width>275</width>
					<label>Movies</label>
					<onclick>Skin.SetString(VideoShortcut,Movies)</onclick>
					<selected>StringCompare(Skin.String(VideoShortcut),Movies)</selected>
					<enable>Skin.HasSetting(HomeMenuNoVideoShortcuts)</enable>
				</control>
				<control type="radiobutton" id="105" description="Music">
					<height>40</height>
					<font>font13</font>
					<textcolor>grey2</textcolor>
					<focusedcolor>white</focusedcolor>
					<width>275</width>
					<label>Music</label>
					<onclick>Skin.SetString(VideoShortcut,Music)</onclick>
					<selected>StringCompare(Skin.String(VideoShortcut),Music)</selected>
					<enable>Skin.HasSetting(HomeMenuNoVideoShortcuts)</enable>
				</control>
				<control type="radiobutton" id="106" description="Pictures">
					<height>40</height>
					<font>font13</font>
					<textcolor>grey2</textcolor>
					<focusedcolor>white</focusedcolor>
					<width>275</width>
					<label>Pictures</label>
					<onclick>Skin.SetString(VideoShortcut,Pictures)</onclick>
					<selected>StringCompare(Skin.String(VideoShortcut),Pictures)</selected>
					<enable>Skin.HasSetting(HomeMenuNoVideoShortcuts)</enable>
				</control>
				<control type="radiobutton" id="107" description="Programs">
					<height>40</height>
					<font>font13</font>
					<textcolor>grey2</textcolor>
					<focusedcolor>white</focusedcolor>
					<width>275</width>
					<label>Programs</label>
					<onclick>Skin.SetString(VideoShortcut,Programs)</onclick>
					<selected>StringCompare(Skin.String(VideoShortcut),Programs)</selected>
					<enable>Skin.HasSetting(HomeMenuNoVideoShortcuts)</enable>
				</control>
				<control type="radiobutton" id="117" description="System">
					<height>40</height>
					<font>font13</font>
					<textcolor>grey2</textcolor>
					<focusedcolor>white</focusedcolor>
					<width>275</width>
					<label>System</label>
					<onclick>Skin.SetString(VideoShortcut,System)</onclick>
					<selected>StringCompare(Skin.String(VideoShortcut),System)</selected>
					<enable>Skin.HasSetting(HomeMenuNoVideoShortcuts)</enable>
				</control>
				<control type="radiobutton" id="109" description="TV Shows">
					<height>40</height>
					<font>font13</font>
					<textcolor>grey2</textcolor>
					<focusedcolor>white</focusedcolor>
					<width>275</width>
					<label>TV Shows</label>
					<onclick>Skin.SetString(VideoShortcut,TV Shows)</onclick>
					<selected>StringCompare(Skin.String(VideoShortcut),TV Shows)</selected>
					<enable>Skin.HasSetting(HomeMenuNoVideoShortcuts)</enable>
				</control>
				<control type="radiobutton" id="110" description="Videos">
					<height>40</height>
					<font>font13</font>
					<textcolor>grey2</textcolor>
					<focusedcolor>white</focusedcolor>
					<width>275</width>
					<label>Videos</label>
					<onclick>Skin.SetString(VideoShortcut,Videos)</onclick>
					<selected>StringCompare(Skin.String(VideoShortcut),Videos) | IsEmpty(Skin.String(VideoShortcut))</selected>
					<enable>Skin.HasSetting(HomeMenuNoVideoShortcuts)</enable>
				</control>
				<control type="radiobutton" id="111" description="Custom1">
					<height>40</height>
					<font>font13</font>
					<textcolor>grey2</textcolor>
					<focusedcolor>white</focusedcolor>
					<width>275</width>
					<label>Custom Favourites 1</label>
					<onclick>Skin.SetString(VideoShortcut,CF1)</onclick>
					<selected>StringCompare(Skin.String(VideoShortcut),CF1)</selected>
					<enable>Skin.HasSetting(HomeMenuNoVideoShortcuts)</enable>
				</control>
				<control type="radiobutton" id="112" description="Custom2">
					<height>40</height>
					<font>font13</font>
					<textcolor>grey2</textcolor>
					<focusedcolor>white</focusedcolor>
					<width>275</width>
					<label>Custom Favourites 2</label>
					<onclick>Skin.SetString(VideoShortcut,CF2)</onclick>
					<selected>StringCompare(Skin.String(VideoShortcut),CF2)</selected>
					<enable>Skin.HasSetting(HomeMenuNoVideoShortcuts)</enable>
				</control>
				<control type="radiobutton" id="113" description="Custom3">
					<height>40</height>
					<font>font13</font>
					<textcolor>grey2</textcolor>
					<focusedcolor>white</focusedcolor>
					<width>275</width>
					<label>Custom Favourites 3</label>
					<onclick>Skin.SetString(VideoShortcut,CF3)</onclick>
					<selected>StringCompare(Skin.String(VideoShortcut),CF3)</selected>
					<enable>Skin.HasSetting(HomeMenuNoVideoShortcuts)</enable>
				</control>
				<control type="radiobutton" id="114" description="Custom4">
					<height>40</height>
					<font>font13</font>
					<textcolor>grey2</textcolor>
					<focusedcolor>white</focusedcolor>
					<width>275</width>
					<label>Custom Favourites 4</label>
					<onclick>Skin.SetString(VideoShortcut,CF4)</onclick>
					<selected>StringCompare(Skin.String(VideoShortcut),CF4)</selected>
					<enable>Skin.HasSetting(HomeMenuNoVideoShortcuts)</enable>
				</control>
				<control type="radiobutton" id="115" description="Custom5">
					<height>40</height>
					<font>font13</font>
					<textcolor>grey2</textcolor>
					<focusedcolor>white</focusedcolor>
					<width>275</width>
					<label>Custom Favourites 5</label>
					<onclick>Skin.SetString(VideoShortcut,CF5)</onclick>
					<selected>StringCompare(Skin.String(VideoShortcut),CF5)</selected>
					<enable>Skin.HasSetting(HomeMenuNoVideoShortcuts)</enable>
				</control>
				<control type="radiobutton" id="116" description="Custom6">
					<height>40</height>
					<font>font13</font>
					<textcolor>grey2</textcolor>
					<focusedcolor>white</focusedcolor>
					<width>275</width>
					<label>Custom Favourites 6</label>
					<onclick>Skin.SetString(VideoShortcut,CF6)</onclick>
					<selected>StringCompare(Skin.String(VideoShortcut),CF6)</selected>
					<enable>Skin.HasSetting(HomeMenuNoVideoShortcuts)</enable>
				</control>
			</control>
		</control>
<!-- Sub Menu Section -->
		<control type="group">
			<control type="grouplist" id="9002" description="Video Sub-Menu Options">
				<visible>!Skin.HasSetting(HomeMenuNoVideoButton)</visible>
				<posx>825</posx>
				<posy>130</posy>
				<width>300</width>
				<height>391</height>
				<onleft>9001</onleft>
				<onright>9000</onright>
				<onup>9002</onup>
				<ondown>9002</ondown>
				<itemgap>-1</itemgap>
				<pagecontrol>61</pagecontrol>
				<scrolltime>280</scrolltime>
				<control type="button" id="200">
					<description>Show Sub-Menus</description>
					<width>275</width>
					<height>40</height>
					<font>font13</font>
					<label>[COLOR=lime]Sub-Menus ENABLED[/COLOR]</label>
					<onclick>Skin.ToggleSetting(HomeMenuNoVideoSubMenus)</onclick>
					<selected>!Skin.HasSetting(HomeMenuNoVideoSubMenus)</selected>
					<visible>!Skin.HasSetting(HomeMenuNoVideoSubMenus)</visible>
				</control>
				<control type="button" id="201">
					<description>Show SubMenus</description>
					<width>275	</width>
					<height>40</height>
					<font>font13</font>
					<label>[COLOR=red]DISABLED[/COLOR] - Click to enable</label>
					<onclick>Skin.ToggleSetting(HomeMenuNoVideoSubMenus)</onclick>
					<selected>Skin.HasSetting(HomeMenuNoVideoSubMenus)</selected>
					<visible>Skin.HasSetting(HomeMenuNoVideoSubMenus)</visible>
				</control>
				<control type="radiobutton" id="218" description="Android">
					<height>40</height>
					<font>font13</font>
					<textcolor>grey2</textcolor>
					<focusedcolor>white</focusedcolor>
					<width>275</width>
					<label>Andoroid</label>
					<onclick>Skin.SetString(VideoSubMenu,Android)</onclick>
					<selected>StringCompare(Skin.String(VideoSubMenu),Android)</selected>
					<enable>!Skin.HasSetting(HomeMenuNoVideoSubMenus)</enable>
					<visible>System.Platform.Android</visible>
				</control>
				<control type="radiobutton" id="208" description="Favourites">
					<height>40</height>
					<font>font13</font>
					<textcolor>grey2</textcolor>
					<focusedcolor>white</focusedcolor>
					<width>275</width>
					<label>Favourites</label>
					<onclick>Skin.SetString(VideoSubMenu,Favourites)</onclick>
					<selected>StringCompare(Skin.String(VideoSubMenu),Favourites)</selected>
					<enable>!Skin.HasSetting(HomeMenuNoVideoSubMenus)</enable>
				</control>
				<control type="radiobutton" id="202" description="Gaming">
					<height>40</height>
					<font>font13</font>
					<textcolor>grey2</textcolor>
					<focusedcolor>white</focusedcolor>
					<width>275</width>
					<label>Gaming</label>
					<onclick>Skin.SetString(VideoSubMenu,Gaming)</onclick>
					<selected>StringCompare(Skin.String(VideoSubMenu),Gaming)</selected>
					<enable>!Skin.HasSetting(HomeMenuNoVideoSubMenus)</enable>
				</control>
				<control type="radiobutton" id="203" description="Live TV">
					<height>40</height>
					<font>font13</font>
					<textcolor>grey2</textcolor>
					<focusedcolor>white</focusedcolor>
					<width>275</width>
					<label>Live TV</label>
					<onclick>Skin.SetString(VideoSubMenu,Live TV)</onclick>
					<selected>StringCompare(Skin.String(VideoSubMenu),Live TV)</selected>
					<enable>!Skin.HasSetting(HomeMenuNoVideoSubMenus)</enable>
				</control>
				<control type="radiobutton" id="204" description="Movies">
					<height>40</height>
					<font>font13</font>
					<textcolor>grey2</textcolor>
					<focusedcolor>white</focusedcolor>
					<width>275</width>
					<label>Movies</label>
					<onclick>Skin.SetString(VideoSubMenu,Movies)</onclick>
					<selected>StringCompare(Skin.String(VideoSubMenu),Movies)</selected>
					<enable>!Skin.HasSetting(HomeMenuNoVideoSubMenus)</enable>
				</control>
				<control type="radiobutton" id="205" description="Music">
					<height>40</height>
					<font>font13</font>
					<textcolor>grey2</textcolor>
					<focusedcolor>white</focusedcolor>
					<width>275</width>
					<label>Music</label>
					<onclick>Skin.SetString(VideoSubMenu,Music)</onclick>
					<selected>StringCompare(Skin.String(VideoSubMenu),Music)</selected>
					<enable>!Skin.HasSetting(HomeMenuNoVideoSubMenus)</enable>
				</control>
				<control type="radiobutton" id="206" description="Pictures">
					<height>40</height>
					<font>font13</font>
					<textcolor>grey2</textcolor>
					<focusedcolor>white</focusedcolor>
					<width>275</width>
					<label>Pictures</label>
					<onclick>Skin.SetString(VideoSubMenu,Pictures)</onclick>
					<selected>StringCompare(Skin.String(VideoSubMenu),Pictures)</selected>
					<enable>!Skin.HasSetting(HomeMenuNoVideoSubMenus)</enable>
				</control>
				<control type="radiobutton" id="207" description="Programs">
					<height>40</height>
					<font>font13</font>
					<textcolor>grey2</textcolor>
					<focusedcolor>white</focusedcolor>
					<width>275</width>
					<label>Programs</label>
					<onclick>Skin.SetString(VideoSubMenu,Programs)</onclick>
					<selected>StringCompare(Skin.String(VideoSubMenu),Programs)</selected>
					<enable>!Skin.HasSetting(HomeMenuNoVideoSubMenus)</enable>
				</control>
				<control type="radiobutton" id="217" description="System">
					<height>40</height>
					<font>font13</font>
					<textcolor>grey2</textcolor>
					<focusedcolor>white</focusedcolor>
					<width>275</width>
					<label>System</label>
					<onclick>Skin.SetString(VideoSubMenu,System)</onclick>
					<selected>StringCompare(Skin.String(VideoSubMenu),System)</selected>
					<enable>!Skin.HasSetting(HomeMenuNoVideoSubMenus)</enable>
				</control>
				<control type="radiobutton" id="209" description="TV Shows">
					<height>40</height>
					<font>font13</font>
					<textcolor>grey2</textcolor>
					<focusedcolor>white</focusedcolor>
					<width>275</width>
					<label>TV Shows</label>
					<onclick>Skin.SetString(VideoSubMenu,TV Shows)</onclick>
					<selected>StringCompare(Skin.String(VideoSubMenu),TV Shows)</selected>
					<enable>!Skin.HasSetting(HomeMenuNoVideoSubMenus)</enable>
				</control>
				<control type="radiobutton" id="210" description="Videos">
					<height>40</height>
					<font>font13</font>
					<textcolor>grey2</textcolor>
					<focusedcolor>white</focusedcolor>
					<width>275</width>
					<label>Videos</label>
					<onclick>Skin.SetString(VideoSubMenu,Videos)</onclick>
					<selected>StringCompare(Skin.String(VideoSubMenu),Videos) | IsEmpty(Skin.String(VideoSubMenu))</selected>
					<enable>!Skin.HasSetting(HomeMenuNoVideoSubMenus)</enable>
				</control>
				<control type="radiobutton" id="211" description="Custom1">
					<height>40</height>
					<font>font13</font>
					<textcolor>grey2</textcolor>
					<focusedcolor>white</focusedcolor>
					<width>275</width>
					<label>Custom Favourites 1</label>
					<onclick>Skin.SetString(VideoSubMenu,CF1)</onclick>
					<selected>StringCompare(Skin.String(VideoSubMenu),CF1)</selected>
					<enable>!Skin.HasSetting(HomeMenuNoVideoSubMenus)</enable>
				</control>
				<control type="radiobutton" id="212" description="Custom2">
					<height>40</height>
					<font>font13</font>
					<textcolor>grey2</textcolor>
					<focusedcolor>white</focusedcolor>
					<width>275</width>
					<label>Custom Favourites 2</label>
					<onclick>Skin.SetString(VideoSubMenu,CF2)</onclick>
					<selected>StringCompare(Skin.String(VideoSubMenu),CF2)</selected>
					<enable>!Skin.HasSetting(HomeMenuNoVideoSubMenus)</enable>
				</control>
				<control type="radiobutton" id="213" description="Custom3">
					<height>40</height>
					<font>font13</font>
					<textcolor>grey2</textcolor>
					<focusedcolor>white</focusedcolor>
					<width>275</width>
					<label>Custom Favourites 3</label>
					<onclick>Skin.SetString(VideoSubMenu,CF3)</onclick>
					<selected>StringCompare(Skin.String(VideoSubMenu),CF3)</selected>
					<enable>!Skin.HasSetting(HomeMenuNoVideoSubMenus)</enable>
				</control>
				<control type="radiobutton" id="214" description="Custom4">
					<height>40</height>
					<font>font13</font>
					<textcolor>grey2</textcolor>
					<focusedcolor>white</focusedcolor>
					<width>275</width>
					<label>Custom Favourites 4</label>
					<onclick>Skin.SetString(VideoSubMenu,CF4)</onclick>
					<selected>StringCompare(Skin.String(VideoSubMenu),CF4)</selected>
					<enable>!Skin.HasSetting(HomeMenuNoVideoSubMenus)</enable>
				</control>
				<control type="radiobutton" id="215" description="Custom5">
					<height>40</height>
					<font>font13</font>
					<textcolor>grey2</textcolor>
					<focusedcolor>white</focusedcolor>
					<width>275</width>
					<label>Custom Favourites 5</label>
					<onclick>Skin.SetString(VideoSubMenu,CF5)</onclick>
					<selected>StringCompare(Skin.String(VideoSubMenu),CF5)</selected>
					<enable>!Skin.HasSetting(HomeMenuNoVideoSubMenus)</enable>
				</control>
				<control type="radiobutton" id="216" description="Custom6">
					<height>40</height>
					<font>font13</font>
					<textcolor>grey2</textcolor>
					<focusedcolor>white</focusedcolor>
					<width>275</width>
					<label>Custom Favourites 6</label>
					<onclick>Skin.SetString(VideoSubMenu,CF6)</onclick>
					<selected>StringCompare(Skin.String(VideoSubMenu),CF6)</selected>
					<enable>!Skin.HasSetting(HomeMenuNoVideoSubMenus)</enable>
				</control>
			</control>
		</control>		
<!-- Main Video Section -->
		<control type="group">
			<control type="grouplist" id="9000">
				<left>100</left>
				<top>130</top>
				<width>350</width>
				<height>391</height>
				<itemgap>-1</itemgap>
				<pagecontrol>61</pagecontrol>
				<onleft>9002</onleft>
				<onright>9001</onright>
				<onup>9000</onup>
				<ondown>9000</ondown>
				
<!--Enable Video on Nav Bar-->
				<control type="button" id="1">
					<description>Show Video Button</description>
					<width>350</width>
					<height>40</height>
					<font>font13</font>
					<textcolor>grey2</textcolor>
					<focusedcolor>white</focusedcolor>
					<label>[COLOR=lime]VIDEO Section ENABLED[/COLOR]</label>
					<onclick>Skin.ToggleSetting(HomeMenuNoVideoButton)</onclick>
					<selected>!Skin.HasSetting(HomeMenuNoVideoButton)</selected>
					<visible>!Skin.HasSetting(HomeMenuNoVideoButton)</visible>
				</control>
				<control type="button" id="2">
					<description>Show Video Button</description>
					<width>350</width>
					<height>40</height>
					<font>font13</font>
					<textcolor>grey2</textcolor>
					<focusedcolor>white</focusedcolor>
					<label>[COLOR=red]DISABLED[/COLOR] - Click to enable</label>
					<onclick>Skin.ToggleSetting(HomeMenuNoVideoButton)</onclick>
					<selected>!Skin.HasSetting(HomeMenuNoVideoButton)</selected>
					<visible>Skin.HasSetting(HomeMenuNoVideoButton)</visible>
				</control>
				<control type="radiobutton" id="3">
					<description>Use Custom Video Link</description>
					<width>350</width>
					<height>40</height>
					<font>font13</font>
					<textcolor>grey2</textcolor>
					<focusedcolor>white</focusedcolor>
					<label>Use Custom Video Link</label>
					<onclick>Skin.ToggleSetting(UseDefaultVideo)</onclick>
					<selected>Skin.HasSetting(UseDefaultVideo)</selected>
					<visible>!Skin.HasSetting(HomeMenuNoVideoButton)</visible>
				</control>
				<control type="button" id="4">
					<width>350</width>
					<height>40</height>
					<font>font13</font>
					<label>- Set Video Favourite</label>
					<label2>[COLOR=selected]$INFO[Skin.String(HomeCustomVideo.Label)][/COLOR]</label2>
					<textcolor>grey2</textcolor>
					<focusedcolor>white</focusedcolor>
					<onclick>RunScript(script.favourites,changetitle=true&amp;property=HomeCustomVideo)</onclick>
					<enable>Skin.HasSetting(UseDefaultVideo)</enable>
					<visible>!Skin.HasSetting(HomeMenuNoVideoButton)</visible>
				</control>
				<control type="radiobutton" id="5">
					<width>350</width>
					<height>40</height>
					<font>font13</font>
					<label>31109</label>
					<textcolor>grey2</textcolor>
					<focusedcolor>white</focusedcolor>
					<onclick>Skin.ToggleSetting(UseVideoCustomBackground)</onclick>
					<selected>Skin.HasSetting(UseVideoCustomBackground)</selected>
					<visible>!Skin.HasSetting(HomeMenuNoVideoButton)</visible>
				</control>
				<control type="button" id="6">
					<width>350</width>
					<height>40</height>
					<font>font13</font>
					<label>- $LOCALIZE[31110]</label>
					<label2>[COLOR=selected]$INFO[Skin.String(CustomVideoBackgroundPath)][/COLOR]</label2>
					<textcolor>grey2</textcolor>
					<focusedcolor>white</focusedcolor>
					<onclick>Skin.SetImage(CustomVideoBackgroundPath)</onclick>
					<enable>Skin.HasSetting(UseVideoCustomBackground)</enable>
					<visible>!Skin.HasSetting(HomeMenuNoVideoButton)</visible>
				</control>
				<control type="radiobutton" id="7">
					<width>350</width>
					<height>40</height>
					<font>font13</font>
					<label>Enable Custom Icon Overlay</label>
					<textcolor>grey2</textcolor>
					<focusedcolor>white</focusedcolor>
					<onclick>Skin.ToggleSetting(UseCustomVideoIcon)</onclick>
					<selected>Skin.HasSetting(UseCustomVideoIcon)</selected>
					<visible>!Skin.HasSetting(HomeMenuNoVideoButton)</visible>
				</control>
				<control type="button" id="8">
					<width>350</width>
					<height>40</height>
					<font>font13</font>
					<label>- Custom Video Icon</label>
					<label2>[COLOR=selected]$INFO[Skin.String(CustomVideoPath)][/COLOR]</label2>
					<textcolor>grey2</textcolor>
					<focusedcolor>white</focusedcolor>
					<onclick>Skin.SetImage(CustomVideoPath)</onclick>
					<enable>Skin.HasSetting(UseCustomVideoIcon)</enable>
					<visible>!Skin.HasSetting(HomeMenuNoVideoButton)</visible>
				</control>
				<control type="radiobutton" id="9">
					<description>Show Recently added info</description>
					<width>350</width>
					<height>40</height>
					<font>font13</font>
					<textcolor>grey2</textcolor>
					<focusedcolor>white</focusedcolor>
					<label>Show Recently Added Info</label>
					<onclick>Skin.ToggleSetting(VideoRecentlyAdded)</onclick>
					<selected>Skin.HasSetting(VideoRecentlyAdded)</selected>
					<visible>!Skin.HasSetting(HomeMenuNoVideoButton)</visible>
				</control>
				<control type="radiobutton" id="10">
					<description>Show Recently added Movies info</description>
					<width>350</width>
					<height>40</height>
					<font>font13</font>
					<textcolor>grey2</textcolor>
					<focusedcolor>white</focusedcolor>
					<label>Show recently added Movies</label>
					<onclick>Skin.ToggleSetting(VideoRecentlyAddedMovies)</onclick>
					<onclick>Skin.SetString(VideoRA,Movies)</onclick>
					<selected>StringCompare(Skin.String(VideoRA),Movies)</selected>
					<selected>Skin.HasSetting(VideoRecentlyAddedMovies)</selected>
					<enable>Skin.HasSetting(VideoRecentlyAdded)</enable>
					<visible>!Skin.HasSetting(HomeMenuNoVideoButton)</visible>
				</control>
				<control type="radiobutton" id="12">
					<description>Show Recently added TV Shows info</description>
					<width>350</width>
					<height>40</height>
					<font>font13</font>
					<textcolor>grey2</textcolor>
					<focusedcolor>white</focusedcolor>
					<label>Show recently added TV Shows</label>
					<onclick>Skin.ToggleSetting(VideoRecentlyAddedTVShows)</onclick>
					<onclick>Skin.SetString(VideoRA,TV Shows)</onclick>
					<selected>StringCompare(Skin.String(VideoRA),TV Shows)</selected>
					<selected>Skin.HasSetting(VideoRecentlyAddedTVShows)</selected>
					<enable>Skin.HasSetting(VideoRecentlyAdded)</enable>
					<visible>!Skin.HasSetting(HomeMenuNoVideoButton)</visible>
				</control>
				<control type="radiobutton" id="11">
					<description>Show Recently added music info</description>
					<width>350</width>
					<height>40</height>
					<font>font13</font>
					<textcolor>grey2</textcolor>
					<focusedcolor>white</focusedcolor>
					<label>Show Recently added Music</label>
					<onclick>Skin.ToggleSetting(VideoRecentlyAddedMusic)</onclick>
					<onclick>Skin.SetString(VideoRA,Music)</onclick>
					<selected>StringCompare(Skin.String(VideoRA),Music)</selected>
					<selected>Skin.HasSetting(VideoRecentlyAddedMusic)</selected>
					<enable>Skin.HasSetting(VideoRecentlyAdded)</enable>
					<visible>!Skin.HasSetting(HomeMenuNoVideoButton)</visible>
				</control>
			</control>
		</control>
		<include>CommonNowPlaying</include>
		<include>MainWindowMouseButtons</include>
		<include>BehindDialogFadeOut</include>
		<include condition="!Skin.HasSetting(EnableClock)">Clock</include>
	</controls>
</window>
