<?xml version="1.0" encoding="UTF-8"?>
<window id="1117" type="window">
	<defaultcontrol always="true">9000</defaultcontrol>
	<controls>
		<control type="label">
			<posx>100</posx>
			<posy>50</posy>
			<width>350</width>
			<height>60</height>
			<font>font35_title</font>
			<textcolor>blue</textcolor>
			<align>left</align>
			<aligny>center</aligny>
			<label>Music Section</label>
		</control>
		<control type="label">
			<posx>100</posx>
			<posy>100</posy>
			<width>350</width>
			<height>40</height>
			<font>font12</font>
			<textcolor>white</textcolor>
			<align>left</align>
			<aligny>top</aligny>
			<label>Fully customise your Music section.[CR]</label>
		</control>
		<control type="label">
			<posx>500</posx>
			<posy>50</posy>
			<width>200</width>
			<height>60</height>
			<font>font35_title</font>
			<textcolor>blue</textcolor>
			<align>left</align>
			<aligny>center</aligny>
			<label>Shortcuts</label>
			<visible>!Skin.HasSetting(HomeMenuNoMusicButton)</visible>
		</control>				
		<control type="label">
			<posx>500</posx>
			<posy>100</posy>
			<width>250</width>
			<height>40</height>
			<font>font12</font>
			<textcolor>white</textcolor>
			<align>left</align>
			<aligny>top</aligny>
			<label>Select the shortcut set to use.[CR]</label>
			<visible>!Skin.HasSetting(HomeMenuNoMusicButton)</visible>
		</control>
		<control type="label">
			<posx>825</posx>
			<posy>50</posy>
			<width>200</width>
			<height>60</height>
			<font>font35_title</font>
			<textcolor>blue</textcolor>
			<align>left</align>
			<aligny>center</aligny>
			<label>Sub-Menu</label>
			<visible>!Skin.HasSetting(HomeMenuNoMusicButton)</visible>
		</control>				
		<control type="label">
			<posx>825</posx>
			<posy>100</posy>
			<width>250</width>
			<height>40</height>
			<font>font12</font>
			<textcolor>white</textcolor>
			<align>left</align>
			<aligny>top</aligny>
			<label>Select the Sub-Menu set to use.[CR]</label>
			<visible>!Skin.HasSetting(HomeMenuNoMusicButton)</visible>
		</control>

<!-- Shortcuts Section -->
		<control type="group">
			<control type="grouplist" id="9001" description="Music Sub-Menu Options">
				<visible>!Skin.HasSetting(HomeMenuNoMusicButton)</visible>
				<posx>500</posx>
				<posy>130</posy>
				<width>300</width>
				<height>391</height>
				<onleft>9000</onleft>
				<onright>9002</onright>
				<onup>9001</onup>
				<ondown>9001</ondown>
				<itemgap>-1</itemgap>
				<pagecontrol>61</pagecontrol>
				<scrolltime>280</scrolltime>
				<control type="button" id="100">
					<description>Show Shortcuts</description>
					<width>275</width>
					<height>40</height>
					<font>font13</font>
					<label>[COLOR=lime]Shortcuts ENABLED[/COLOR]</label>
					<onclick>Skin.ToggleSetting(HomeMenuNoMusicShortcuts)</onclick>
					<selected>Skin.HasSetting(HomeMenuNoMusicShortcuts)</selected>
					<visible>Skin.HasSetting(HomeMenuNoMusicShortcuts)</visible>
				</control>
				<control type="button" id="101">
					<description>Show Shortcuts</description>
					<width>275	</width>
					<height>40</height>
					<font>font13</font>
					<label>[COLOR=red]DISABLED[/COLOR] - Click to enable</label>
					<onclick>Skin.ToggleSetting(HomeMenuNoMusicShortcuts)</onclick>
					<selected>!Skin.HasSetting(HomeMenuNoMusicShortcuts)</selected>
					<visible>!Skin.HasSetting(HomeMenuNoMusicShortcuts)</visible>
				</control>
				<control type="radiobutton" id="118" description="Android">
					<height>40</height>
					<font>font13</font>
					<textcolor>grey2</textcolor>
					<focusedcolor>white</focusedcolor>
					<width>275</width>
					<label>Android</label>
					<onclick>Skin.SetString(MusicShortcut,Android)</onclick>
					<selected>StringCompare(Skin.String(MusicShortcut),Android)</selected>
					<enable>Skin.HasSetting(HomeMenuNoMusicShortcuts)</enable>
					<visible>System.Platform.Android</visible>
				</control>
				<control type="radiobutton" id="108" description="Favourites">
					<height>40</height>
					<font>font13</font>
					<textcolor>grey2</textcolor>
					<focusedcolor>white</focusedcolor>
					<width>275</width>
					<label>Favourites</label>
					<onclick>Skin.SetString(MusicShortcut,Favourites)</onclick>
					<selected>StringCompare(Skin.String(MusicShortcut),Favourites)</selected>
					<enable>Skin.HasSetting(HomeMenuNoMusicShortcuts)</enable>
				</control>
				<control type="radiobutton" id="102" description="Gaming">
					<height>40</height>
					<font>font13</font>
					<textcolor>grey2</textcolor>
					<focusedcolor>white</focusedcolor>
					<width>275</width>
					<label>Gaming</label>
					<onclick>Skin.SetString(MusicShortcut,Gaming)</onclick>
					<selected>StringCompare(Skin.String(MusicShortcut),Gaming)</selected>
					<enable>Skin.HasSetting(HomeMenuNoMusicShortcuts)</enable>
				</control>
				<control type="radiobutton" id="103" description="Live TV">
					<height>40</height>
					<font>font13</font>
					<textcolor>grey2</textcolor>
					<focusedcolor>white</focusedcolor>
					<width>275</width>
					<label>Live TV</label>
					<onclick>Skin.SetString(MusicShortcut,Live TV)</onclick>
					<selected>StringCompare(Skin.String(MusicShortcut),Live TV)</selected>
					<enable>Skin.HasSetting(HomeMenuNoMusicShortcuts)</enable>
				</control>
				<control type="radiobutton" id="104" description="Movies">
					<height>40</height>
					<font>font13</font>
					<textcolor>grey2</textcolor>
					<focusedcolor>white</focusedcolor>
					<width>275</width>
					<label>Movies</label>
					<onclick>Skin.SetString(MusicShortcut,Movies)</onclick>
					<selected>StringCompare(Skin.String(MusicShortcut),Movies)</selected>
					<enable>Skin.HasSetting(HomeMenuNoMusicShortcuts)</enable>
				</control>
				<control type="radiobutton" id="105" description="Music">
					<height>40</height>
					<font>font13</font>
					<textcolor>grey2</textcolor>
					<focusedcolor>white</focusedcolor>
					<width>275</width>
					<label>Music</label>
					<onclick>Skin.SetString(MusicShortcut,Music)</onclick>
					<selected>StringCompare(Skin.String(MusicShortcut),Music) | IsEmpty(Skin.String(MusicShortcut))</selected>
					<enable>Skin.HasSetting(HomeMenuNoMusicShortcuts)</enable>
				</control>
				<control type="radiobutton" id="106" description="Pictures">
					<height>40</height>
					<font>font13</font>
					<textcolor>grey2</textcolor>
					<focusedcolor>white</focusedcolor>
					<width>275</width>
					<label>Pictures</label>
					<onclick>Skin.SetString(MusicShortcut,Pictures)</onclick>
					<selected>StringCompare(Skin.String(MusicShortcut),Pictures)</selected>
					<enable>Skin.HasSetting(HomeMenuNoMusicShortcuts)</enable>
				</control>
				<control type="radiobutton" id="107" description="Programs">
					<height>40</height>
					<font>font13</font>
					<textcolor>grey2</textcolor>
					<focusedcolor>white</focusedcolor>
					<width>275</width>
					<label>Programs</label>
					<onclick>Skin.SetString(MusicShortcut,Programs)</onclick>
					<selected>StringCompare(Skin.String(MusicShortcut),Programs)</selected>
					<enable>Skin.HasSetting(HomeMenuNoMusicShortcuts)</enable>
				</control>
				<control type="radiobutton" id="117" description="System">
					<height>40</height>
					<font>font13</font>
					<textcolor>grey2</textcolor>
					<focusedcolor>white</focusedcolor>
					<width>275</width>
					<label>System</label>
					<onclick>Skin.SetString(MusicShortcut,System)</onclick>
					<selected>StringCompare(Skin.String(MusicShortcut),System)</selected>
					<enable>Skin.HasSetting(HomeMenuNoMusicShortcuts)</enable>
				</control>
				<control type="radiobutton" id="109" description="TV Shows">
					<height>40</height>
					<font>font13</font>
					<textcolor>grey2</textcolor>
					<focusedcolor>white</focusedcolor>
					<width>275</width>
					<label>TV Shows</label>
					<onclick>Skin.SetString(MusicShortcut,TV Shows)</onclick>
					<selected>StringCompare(Skin.String(MusicShortcut),TV Shows)</selected>
					<enable>Skin.HasSetting(HomeMenuNoMusicShortcuts)</enable>
				</control>
				<control type="radiobutton" id="110" description="Videos">
					<height>40</height>
					<font>font13</font>
					<textcolor>grey2</textcolor>
					<focusedcolor>white</focusedcolor>
					<width>275</width>
					<label>Videos</label>
					<onclick>Skin.SetString(MusicShortcut,Videos)</onclick>
					<selected>StringCompare(Skin.String(MusicShortcut),Videos)</selected>
					<enable>Skin.HasSetting(HomeMenuNoMusicShortcuts)</enable>
				</control>
				<control type="radiobutton" id="111" description="Custom1">
					<height>40</height>
					<font>font13</font>
					<textcolor>grey2</textcolor>
					<focusedcolor>white</focusedcolor>
					<width>275</width>
					<label>Custom Favourites 1</label>
					<onclick>Skin.SetString(MusicShortcut,CF1)</onclick>
					<selected>StringCompare(Skin.String(MusicShortcut),CF1)</selected>
					<enable>Skin.HasSetting(HomeMenuNoMusicShortcuts)</enable>
				</control>
				<control type="radiobutton" id="112" description="Custom2">
					<height>40</height>
					<font>font13</font>
					<textcolor>grey2</textcolor>
					<focusedcolor>white</focusedcolor>
					<width>275</width>
					<label>Custom Favourites 2</label>
					<onclick>Skin.SetString(MusicShortcut,CF2)</onclick>
					<selected>StringCompare(Skin.String(MusicShortcut),CF2)</selected>
					<enable>Skin.HasSetting(HomeMenuNoMusicShortcuts)</enable>
				</control>
				<control type="radiobutton" id="113" description="Custom3">
					<height>40</height>
					<font>font13</font>
					<textcolor>grey2</textcolor>
					<focusedcolor>white</focusedcolor>
					<width>275</width>
					<label>Custom Favourites 3</label>
					<onclick>Skin.SetString(MusicShortcut,CF3)</onclick>
					<selected>StringCompare(Skin.String(MusicShortcut),CF3)</selected>
					<enable>Skin.HasSetting(HomeMenuNoMusicShortcuts)</enable>
				</control>
				<control type="radiobutton" id="114" description="Custom4">
					<height>40</height>
					<font>font13</font>
					<textcolor>grey2</textcolor>
					<focusedcolor>white</focusedcolor>
					<width>275</width>
					<label>Custom Favourites 4</label>
					<onclick>Skin.SetString(MusicShortcut,CF4)</onclick>
					<selected>StringCompare(Skin.String(MusicShortcut),CF4)</selected>
					<enable>Skin.HasSetting(HomeMenuNoMusicShortcuts)</enable>
				</control>
				<control type="radiobutton" id="115" description="Custom5">
					<height>40</height>
					<font>font13</font>
					<textcolor>grey2</textcolor>
					<focusedcolor>white</focusedcolor>
					<width>275</width>
					<label>Custom Favourites 5</label>
					<onclick>Skin.SetString(MusicShortcut,CF5)</onclick>
					<selected>StringCompare(Skin.String(MusicShortcut),CF5)</selected>
					<enable>Skin.HasSetting(HomeMenuNoMusicShortcuts)</enable>
				</control>
				<control type="radiobutton" id="116" description="Custom6">
					<height>40</height>
					<font>font13</font>
					<textcolor>grey2</textcolor>
					<focusedcolor>white</focusedcolor>
					<width>275</width>
					<label>Custom Favourites 6</label>
					<onclick>Skin.SetString(MusicShortcut,CF6)</onclick>
					<selected>StringCompare(Skin.String(MusicShortcut),CF6)</selected>
					<enable>Skin.HasSetting(HomeMenuNoMusicShortcuts)</enable>
				</control>
			</control>
		</control>
<!-- Sub Menu Section -->
		<control type="group">
			<control type="grouplist" id="9002" description="Video Sub-Menu Options">
				<visible>!Skin.HasSetting(HomeMenuNoMusicButton)</visible>
				<posx>825</posx>
				<posy>130</posy>
				<width>300</width>
				<height>391</height>
				<onleft>9001</onleft>
				<onright>9000</onright>
				<onup>9002</onup>
				<ondown>9002</ondown>
				<itemgap>-1</itemgap>
				<pagecontrol>61</pagecontrol>
				<scrolltime>280</scrolltime>
				<control type="button" id="200">
					<description>Show Sub-Menus</description>
					<width>275</width>
					<height>40</height>
					<font>font13</font>
					<label>[COLOR=lime]Sub-Menus ENABLED[/COLOR]</label>
					<onclick>Skin.ToggleSetting(HomeMenuNoMusicSubMenus)</onclick>
					<selected>!Skin.HasSetting(HomeMenuNoMusicSubMenus)</selected>
					<visible>!Skin.HasSetting(HomeMenuNoMusicSubMenus)</visible>
				</control>
				<control type="button" id="201">
					<description>Show SubMenus</description>
					<width>275	</width>
					<height>40</height>
					<font>font13</font>
					<label>[COLOR=red]DISABLED[/COLOR] - Click to enable</label>
					<onclick>Skin.ToggleSetting(HomeMenuNoMusicSubMenus)</onclick>
					<selected>Skin.HasSetting(HomeMenuNoMusicSubMenus)</selected>
					<visible>Skin.HasSetting(HomeMenuNoMusicSubMenus)</visible>
				</control>
				<control type="radiobutton" id="218" description="Android">
					<height>40</height>
					<font>font13</font>
					<textcolor>grey2</textcolor>
					<focusedcolor>white</focusedcolor>
					<width>275</width>
					<label>Andoroid</label>
					<onclick>Skin.SetString(MusicSubMenu,Android)</onclick>
					<selected>StringCompare(Skin.String(MusicSubMenu),Android)</selected>
					<enable>!Skin.HasSetting(HomeMenuNoMusicSubMenus)</enable>
					<visible>System.Platform.Android</visible>
				</control>
				<control type="radiobutton" id="208" description="Favourites">
					<height>40</height>
					<font>font13</font>
					<textcolor>grey2</textcolor>
					<focusedcolor>white</focusedcolor>
					<width>275</width>
					<label>Favourites</label>
					<onclick>Skin.SetString(MusicSubMenu,Favourites)</onclick>
					<selected>StringCompare(Skin.String(MusicSubMenu),Favourites)</selected>
					<enable>!Skin.HasSetting(HomeMenuNoMusicSubMenus)</enable>
				</control>
				<control type="radiobutton" id="202" description="Gaming">
					<height>40</height>
					<font>font13</font>
					<textcolor>grey2</textcolor>
					<focusedcolor>white</focusedcolor>
					<width>275</width>
					<label>Gaming</label>
					<onclick>Skin.SetString(MusicSubMenu,Gaming)</onclick>
					<selected>StringCompare(Skin.String(MusicSubMenu),Gaming)</selected>
					<enable>!Skin.HasSetting(HomeMenuNoMusicSubMenus)</enable>
				</control>
				<control type="radiobutton" id="203" description="Live TV">
					<height>40</height>
					<font>font13</font>
					<textcolor>grey2</textcolor>
					<focusedcolor>white</focusedcolor>
					<width>275</width>
					<label>Live TV</label>
					<onclick>Skin.SetString(MusicSubMenu,Live TV)</onclick>
					<selected>StringCompare(Skin.String(MusicSubMenu),Live TV)</selected>
					<enable>!Skin.HasSetting(HomeMenuNoMusicSubMenus)</enable>
				</control>
				<control type="radiobutton" id="204" description="Movies">
					<height>40</height>
					<font>font13</font>
					<textcolor>grey2</textcolor>
					<focusedcolor>white</focusedcolor>
					<width>275</width>
					<label>Movies</label>
					<onclick>Skin.SetString(MusicSubMenu,Movies)</onclick>
					<selected>StringCompare(Skin.String(MusicSubMenu),Movies)</selected>
					<enable>!Skin.HasSetting(HomeMenuNoMusicSubMenus)</enable>
				</control>
				<control type="radiobutton" id="205" description="Music">
					<height>40</height>
					<font>font13</font>
					<textcolor>grey2</textcolor>
					<focusedcolor>white</focusedcolor>
					<width>275</width>
					<label>Music</label>
					<onclick>Skin.SetString(MusicSubMenu,Music)</onclick>
					<selected>StringCompare(Skin.String(MusicSubMenu),Music) | IsEmpty(Skin.String(MusicSubMenu))</selected>
					<enable>!Skin.HasSetting(HomeMenuNoMusicSubMenus)</enable>
				</control>
				<control type="radiobutton" id="206" description="Pictures">
					<height>40</height>
					<font>font13</font>
					<textcolor>grey2</textcolor>
					<focusedcolor>white</focusedcolor>
					<width>275</width>
					<label>Pictures</label>
					<onclick>Skin.SetString(MusicSubMenu,Pictures)</onclick>
					<selected>StringCompare(Skin.String(MusicSubMenu),Pictures)</selected>
					<enable>!Skin.HasSetting(HomeMenuNoMusicSubMenus)</enable>
				</control>
				<control type="radiobutton" id="207" description="Programs">
					<height>40</height>
					<font>font13</font>
					<textcolor>grey2</textcolor>
					<focusedcolor>white</focusedcolor>
					<width>275</width>
					<label>Programs</label>
					<onclick>Skin.SetString(MusicSubMenu,Programs)</onclick>
					<selected>StringCompare(Skin.String(MusicSubMenu),Programs)</selected>
					<enable>!Skin.HasSetting(HomeMenuNoMusicSubMenus)</enable>
				</control>
				<control type="radiobutton" id="217" description="System">
					<height>40</height>
					<font>font13</font>
					<textcolor>grey2</textcolor>
					<focusedcolor>white</focusedcolor>
					<width>275</width>
					<label>System</label>
					<onclick>Skin.SetString(MusicSubMenu,System)</onclick>
					<selected>StringCompare(Skin.String(MusicSubMenu),System)</selected>
					<enable>!Skin.HasSetting(HomeMenuNoMusicSubMenus)</enable>
				</control>
				<control type="radiobutton" id="209" description="TV Shows">
					<height>40</height>
					<font>font13</font>
					<textcolor>grey2</textcolor>
					<focusedcolor>white</focusedcolor>
					<width>275</width>
					<label>TV Shows</label>
					<onclick>Skin.SetString(MusicSubMenu,TV Shows)</onclick>
					<selected>StringCompare(Skin.String(MusicSubMenu),TV Shows)</selected>
					<enable>!Skin.HasSetting(HomeMenuNoMusicSubMenus)</enable>
				</control>
				<control type="radiobutton" id="210" description="Videos">
					<height>40</height>
					<font>font13</font>
					<textcolor>grey2</textcolor>
					<focusedcolor>white</focusedcolor>
					<width>275</width>
					<label>Videos</label>
					<onclick>Skin.SetString(MusicSubMenu,Videos)</onclick>
					<selected>StringCompare(Skin.String(MusicSubMenu),Videos)</selected>
					<enable>!Skin.HasSetting(HomeMenuNoMusicSubMenus)</enable>
				</control>
				<control type="radiobutton" id="211" description="Custom1">
					<height>40</height>
					<font>font13</font>
					<textcolor>grey2</textcolor>
					<focusedcolor>white</focusedcolor>
					<width>275</width>
					<label>Custom Favourites 1</label>
					<onclick>Skin.SetString(MusicSubMenu,CF1)</onclick>
					<selected>StringCompare(Skin.String(MusicSubMenu),CF1)</selected>
					<enable>!Skin.HasSetting(HomeMenuNoMusicSubMenus)</enable>
				</control>
				<control type="radiobutton" id="212" description="Custom2">
					<height>40</height>
					<font>font13</font>
					<textcolor>grey2</textcolor>
					<focusedcolor>white</focusedcolor>
					<width>275</width>
					<label>Custom Favourites 2</label>
					<onclick>Skin.SetString(MusicSubMenu,CF2)</onclick>
					<selected>StringCompare(Skin.String(MusicSubMenu),CF2)</selected>
					<enable>!Skin.HasSetting(HomeMenuNoMusicSubMenus)</enable>
				</control>
				<control type="radiobutton" id="213" description="Custom3">
					<height>40</height>
					<font>font13</font>
					<textcolor>grey2</textcolor>
					<focusedcolor>white</focusedcolor>
					<width>275</width>
					<label>Custom Favourites 3</label>
					<onclick>Skin.SetString(MusicSubMenu,CF3)</onclick>
					<selected>StringCompare(Skin.String(MusicSubMenu),CF3)</selected>
					<enable>!Skin.HasSetting(HomeMenuNoMusicSubMenus)</enable>
				</control>
				<control type="radiobutton" id="214" description="Custom4">
					<height>40</height>
					<font>font13</font>
					<textcolor>grey2</textcolor>
					<focusedcolor>white</focusedcolor>
					<width>275</width>
					<label>Custom Favourites 4</label>
					<onclick>Skin.SetString(MusicSubMenu,CF4)</onclick>
					<selected>StringCompare(Skin.String(MusicSubMenu),CF4)</selected>
					<enable>!Skin.HasSetting(HomeMenuNoMusicSubMenus)</enable>
				</control>
				<control type="radiobutton" id="215" description="Custom5">
					<height>40</height>
					<font>font13</font>
					<textcolor>grey2</textcolor>
					<focusedcolor>white</focusedcolor>
					<width>275</width>
					<label>Custom Favourites 5</label>
					<onclick>Skin.SetString(MusicSubMenu,CF5)</onclick>
					<selected>StringCompare(Skin.String(MusicSubMenu),CF5)</selected>
					<enable>!Skin.HasSetting(HomeMenuNoMusicSubMenus)</enable>
				</control>
				<control type="radiobutton" id="216" description="Custom6">
					<height>40</height>
					<font>font13</font>
					<textcolor>grey2</textcolor>
					<focusedcolor>white</focusedcolor>
					<width>275</width>
					<label>Custom Favourites 6</label>
					<onclick>Skin.SetString(MusicSubMenu,CF6)</onclick>
					<selected>StringCompare(Skin.String(MusicSubMenu),CF6)</selected>
					<enable>!Skin.HasSetting(HomeMenuNoMusicSubMenus)</enable>
				</control>
			</control>
		</control>		
<!-- Main Video Section -->
		<control type="group">
			<control type="grouplist" id="9000">
				<left>100</left>
				<top>130</top>
				<width>350</width>
				<height>391</height>
				<itemgap>-1</itemgap>
				<pagecontrol>61</pagecontrol>
				<onleft>9002</onleft>
				<onright>9001</onright>
				<onup>9000</onup>
				<ondown>9000</ondown>
				
<!--Enable Videos on Nav Bar-->
				<control type="button" id="1">
					<description>Show Music Button</description>
					<width>350</width>
					<height>40</height>
					<font>font13</font>
					<textcolor>grey2</textcolor>
					<focusedcolor>white</focusedcolor>
					<label>[COLOR=lime]MUSIC Section ENABLED[/COLOR]</label>
					<onclick>Skin.ToggleSetting(HomeMenuNoMusicButton)</onclick>
					<selected>!Skin.HasSetting(HomeMenuNoMusicButton)</selected>
					<visible>!Skin.HasSetting(HomeMenuNoMusicButton)</visible>
				</control>
				<control type="button" id="2">
					<description>Show Videos Button</description>
					<width>350</width>
					<height>40</height>
					<font>font13</font>
					<textcolor>grey2</textcolor>
					<focusedcolor>white</focusedcolor>
					<label>[COLOR=red]DISABLED[/COLOR] - Click to enable</label>
					<onclick>Skin.ToggleSetting(HomeMenuNoMusicButton)</onclick>
					<selected>!Skin.HasSetting(HomeMenuNoMusicButton)</selected>
					<visible>Skin.HasSetting(HomeMenuNoMusicButton)</visible>
				</control>
				<control type="radiobutton" id="3">
					<description>Use Custom Video Link</description>
					<width>350</width>
					<height>40</height>
					<font>font13</font>
					<textcolor>grey2</textcolor>
					<focusedcolor>white</focusedcolor>
					<label>Use Custom Music Link</label>
					<onclick>Skin.ToggleSetting(UseDefaultMusic)</onclick>
					<selected>Skin.HasSetting(UseDefaultMusic)</selected>
					<visible>!Skin.HasSetting(HomeMenuNoMusicButton)</visible>
				</control>
				<control type="button" id="4">
					<width>350</width>
					<height>40</height>
					<font>font13</font>
					<label>- Set Music Favourite</label>
					<label2>[COLOR=selected]$INFO[Skin.String(HomeCustomMusic.Label)][/COLOR]</label2>
					<textcolor>grey2</textcolor>
					<focusedcolor>white</focusedcolor>
					<onclick>RunScript(script.favourites,changetitle=true&amp;property=HomeCustomMusic)</onclick>
					<enable>Skin.HasSetting(UseDefaultMusic)</enable>
					<visible>!Skin.HasSetting(HomeMenuNoMusicButton)</visible>
				</control>
				<control type="radiobutton" id="5">
					<width>350</width>
					<height>40</height>
					<font>font13</font>
					<label>31109</label>
					<textcolor>grey2</textcolor>
					<focusedcolor>white</focusedcolor>
					<onclick>Skin.ToggleSetting(UseMusicCustomBackground)</onclick>
					<selected>Skin.HasSetting(UseMusicCustomBackground)</selected>
					<visible>!Skin.HasSetting(HomeMenuNoMusicButton)</visible>
				</control>
				<control type="button" id="6">
					<width>350</width>
					<height>40</height>
					<font>font13</font>
					<label>- $LOCALIZE[31110]</label>
					<label2>[COLOR=selected]$INFO[Skin.String(CustomMusicBackgroundPath)][/COLOR]</label2>
					<textcolor>grey2</textcolor>
					<focusedcolor>white</focusedcolor>
					<onclick>Skin.SetImage(CustomMusicBackgroundPath)</onclick>
					<enable>Skin.HasSetting(UseMusicCustomBackground)</enable>
					<visible>!Skin.HasSetting(HomeMenuNoMusicButton)</visible>
				</control>
				<control type="radiobutton" id="7">
					<width>350</width>
					<height>40</height>
					<font>font13</font>
					<label>Enable Custom Icon Overlay</label>
					<textcolor>grey2</textcolor>
					<focusedcolor>white</focusedcolor>
					<onclick>Skin.ToggleSetting(UseCustomMusicIcon)</onclick>
					<selected>Skin.HasSetting(UseCustomMusicIcon)</selected>
					<visible>!Skin.HasSetting(HomeMenuNoMusicButton)</visible>
				</control>
				<control type="button" id="8">
					<width>350</width>
					<height>40</height>
					<font>font13</font>
					<label>- Custom Music Icon</label>
					<label2>[COLOR=selected]$INFO[Skin.String(CustomMusicPath)][/COLOR]</label2>
					<textcolor>grey2</textcolor>
					<focusedcolor>white</focusedcolor>
					<onclick>Skin.SetImage(CustomMusicPath)</onclick>
					<enable>Skin.HasSetting(UseCustomMusicIcon)</enable>
					<visible>!Skin.HasSetting(HomeMenuNoMusicButton)</visible>
				</control>
				<control type="radiobutton" id="9">
					<description>Show Recently added info</description>
					<width>350</width>
					<height>40</height>
					<font>font13</font>
					<textcolor>grey2</textcolor>
					<focusedcolor>white</focusedcolor>
					<label>Show Recently Added Info</label>
					<onclick>Skin.ToggleSetting(MusicRecentlyAdded)</onclick>
					<selected>Skin.HasSetting(MusicRecentlyAdded)</selected>
					<visible>!Skin.HasSetting(HomeMenuNoMusicButton)</visible>
				</control>
				<control type="radiobutton" id="10">
					<description>Show Recently added Movies info</description>
					<width>350</width>
					<height>40</height>
					<font>font13</font>
					<textcolor>grey2</textcolor>
					<focusedcolor>white</focusedcolor>
					<label>Show recently added Movies</label>
					<onclick>Skin.ToggleSetting(MusicRecentlyAddedMovies)</onclick>
					<onclick>Skin.SetString(MusicRA,Movies)</onclick>
					<selected>StringCompare(Skin.String(MusicRA),Movies)</selected>
					<selected>Skin.HasSetting(MusicRecentlyAddedMovies)</selected>
					<enable>Skin.HasSetting(MusicRecentlyAdded)</enable>
					<visible>!Skin.HasSetting(HomeMenuNoMusicButton)</visible>
				</control>
				<control type="radiobutton" id="12">
					<description>Show Recently added TV Shows info</description>
					<width>350</width>
					<height>40</height>
					<font>font13</font>
					<textcolor>grey2</textcolor>
					<focusedcolor>white</focusedcolor>
					<label>Show recently added TV Shows</label>
					<onclick>Skin.ToggleSetting(MusicRecentlyAddedTVShows)</onclick>
					<onclick>Skin.SetString(MusicRA,TV Shows)</onclick>
					<selected>StringCompare(Skin.String(MusicRA),TV Shows)</selected>
					<selected>Skin.HasSetting(MusicRecentlyAddedTVShows)</selected>
					<enable>Skin.HasSetting(MusicRecentlyAdded)</enable>
					<visible>!Skin.HasSetting(HomeMenuNoMusicButton)</visible>
				</control>
				<control type="radiobutton" id="11">
					<description>Show Recently added music info</description>
					<width>350</width>
					<height>40</height>
					<font>font13</font>
					<textcolor>grey2</textcolor>
					<focusedcolor>white</focusedcolor>
					<label>Show Recently added Music</label>
					<onclick>Skin.ToggleSetting(MusicRecentlyAddedMusic)</onclick>
					<onclick>Skin.SetString(MusicRA,Music)</onclick>
					<selected>StringCompare(Skin.String(MusicRA),Music)</selected>
					<selected>Skin.HasSetting(MusicRecentlyAddedMusic)</selected>
					<enable>Skin.HasSetting(MusicRecentlyAdded)</enable>
					<visible>!Skin.HasSetting(HomeMenuNoMusicButton)</visible>
				</control>
			</control>
		</control>
		<include>CommonNowPlaying</include>
		<include>MainWindowMouseButtons</include>
		<include>BehindDialogFadeOut</include>
		<include condition="!Skin.HasSetting(EnableClock)">Clock</include>
	</controls>
</window>
