<?xml version="1.0" encoding="UTF-8"?>
<window id="1122" type="window">
	<defaultcontrol always="true">9000</defaultcontrol>
	<controls>
		<control type="label">
			<posx>100</posx>
			<posy>50</posy>
			<width>350</width>
			<height>60</height>
			<font>font35_title</font>
			<textcolor>blue</textcolor>
			<align>left</align>
			<aligny>center</aligny>
			<label>Android Section</label>
		</control>
		<control type="label">
			<posx>100</posx>
			<posy>100</posy>
			<width>350</width>
			<height>40</height>
			<font>font12</font>
			<textcolor>white</textcolor>
			<align>left</align>
			<aligny>top</aligny>
			<label>Fully customise your Android section.[CR]</label>
		</control>
		<control type="label">
			<posx>500</posx>
			<posy>50</posy>
			<width>200</width>
			<height>60</height>
			<font>font35_title</font>
			<textcolor>blue</textcolor>
			<align>left</align>
			<aligny>center</aligny>
			<label>Shortcuts</label>
			<visible>!Skin.HasSetting(HomeMenuNoAndroidButton)</visible>
		</control>				
		<control type="label">
			<posx>500</posx>
			<posy>100</posy>
			<width>250</width>
			<height>40</height>
			<font>font12</font>
			<textcolor>white</textcolor>
			<align>left</align>
			<aligny>top</aligny>
			<label>Select the shortcut set to use.[CR]</label>
			<visible>!Skin.HasSetting(HomeMenuNoAndroidButton)</visible>
		</control>
		<control type="label">
			<posx>825</posx>
			<posy>50</posy>
			<width>200</width>
			<height>60</height>
			<font>font35_title</font>
			<textcolor>blue</textcolor>
			<align>left</align>
			<aligny>center</aligny>
			<label>Sub-Menu</label>
			<visible>!Skin.HasSetting(HomeMenuNoAndroidButton)</visible>
		</control>				
		<control type="label">
			<posx>825</posx>
			<posy>100</posy>
			<width>250</width>
			<height>40</height>
			<font>font12</font>
			<textcolor>white</textcolor>
			<align>left</align>
			<aligny>top</aligny>
			<label>Select the Sub-Menu set to use.[CR]</label>
			<visible>!Skin.HasSetting(HomeMenuNoAndroidButton)</visible>
		</control>

<!-- Shortcuts Section -->
		<control type="group">
			<control type="grouplist" id="9001" description="Favourites Sub-Menu Options">
				<visible>!Skin.HasSetting(HomeMenuNoAndroidButton)</visible>
				<posx>500</posx>
				<posy>130</posy>
				<width>300</width>
				<height>391</height>
				<onleft>9000</onleft>
				<onright>9002</onright>
				<onup>9001</onup>
				<ondown>9001</ondown>
				<itemgap>-1</itemgap>
				<pagecontrol>61</pagecontrol>
				<scrolltime>280</scrolltime>
				<control type="button" id="100">
					<description>Show Shortcuts</description>
					<width>275</width>
					<height>40</height>
					<font>font13</font>
					<label>[COLOR=lime]Shortcuts ENABLED[/COLOR]</label>
					<onclick>Skin.ToggleSetting(HomeMenuNoAndroidShortcuts)</onclick>
					<selected>Skin.HasSetting(HomeMenuNoAndroidShortcuts)</selected>
					<visible>Skin.HasSetting(HomeMenuNoAndroidShortcuts)</visible>
				</control>
				<control type="button" id="101">
					<description>Show Shortcuts</description>
					<width>275	</width>
					<height>40</height>
					<font>font13</font>
					<label>[COLOR=red]DISABLED[/COLOR] - Click to enable</label>
					<onclick>Skin.ToggleSetting(HomeMenuNoAndroidShortcuts)</onclick>
					<selected>!Skin.HasSetting(HomeMenuNoAndroidShortcuts)</selected>
					<visible>!Skin.HasSetting(HomeMenuNoAndroidShortcuts)</visible>
				</control>
				<control type="radiobutton" id="118" description="Android">
					<height>40</height>
					<font>font13</font>
					<textcolor>grey2</textcolor>
					<focusedcolor>white</focusedcolor>
					<width>275</width>
					<label>Android</label>
					<onclick>Skin.SetString(AndroidShortcut,Android)</onclick>
					<selected>StringCompare(Skin.String(AndroidShortcut),Android) | IsEmpty(Skin.String(AndroidShortcut))</selected>
					<enable>Skin.HasSetting(HomeMenuNoAndroidShortcuts)</enable>
					<visible>System.Platform.Android</visible>
				</control>
				<control type="radiobutton" id="108" description="Favourites">
					<height>40</height>
					<font>font13</font>
					<textcolor>grey2</textcolor>
					<focusedcolor>white</focusedcolor>
					<width>275</width>
					<label>Favourites</label>
					<onclick>Skin.SetString(AndroidShortcut,Favourites)</onclick>
					<selected>StringCompare(Skin.String(AndroidShortcut),Favourites)</selected>
					<enable>Skin.HasSetting(HomeMenuNoAndroidShortcuts)</enable>
				</control>
				<control type="radiobutton" id="102" description="Gaming">
					<height>40</height>
					<font>font13</font>
					<textcolor>grey2</textcolor>
					<focusedcolor>white</focusedcolor>
					<width>275</width>
					<label>Gaming</label>
					<onclick>Skin.SetString(AndroidShortcut,Gaming)</onclick>
					<selected>StringCompare(Skin.String(AndroidShortcut),Gaming)</selected>
					<enable>Skin.HasSetting(HomeMenuNoAndroidShortcuts)</enable>
				</control>
				<control type="radiobutton" id="103" description="Live TV">
					<height>40</height>
					<font>font13</font>
					<textcolor>grey2</textcolor>
					<focusedcolor>white</focusedcolor>
					<width>275</width>
					<label>Live TV</label>
					<onclick>Skin.SetString(AndroidShortcut,Live TV)</onclick>
					<selected>StringCompare(Skin.String(AndroidShortcut),Live TV)</selected>
					<enable>Skin.HasSetting(HomeMenuNoAndroidShortcuts)</enable>
				</control>
				<control type="radiobutton" id="104" description="Movies">
					<height>40</height>
					<font>font13</font>
					<textcolor>grey2</textcolor>
					<focusedcolor>white</focusedcolor>
					<width>275</width>
					<label>Movies</label>
					<onclick>Skin.SetString(AndroidShortcut,Movies)</onclick>
					<selected>StringCompare(Skin.String(AndroidShortcut),Movies)</selected>
					<enable>Skin.HasSetting(HomeMenuNoAndroidShortcuts)</enable>
				</control>
				<control type="radiobutton" id="105" description="Music">
					<height>40</height>
					<font>font13</font>
					<textcolor>grey2</textcolor>
					<focusedcolor>white</focusedcolor>
					<width>275</width>
					<label>Music</label>
					<onclick>Skin.SetString(AndroidShortcut,Music)</onclick>
					<selected>StringCompare(Skin.String(AndroidShortcut),Music)</selected>
					<enable>Skin.HasSetting(HomeMenuNoAndroidShortcuts)</enable>
				</control>
				<control type="radiobutton" id="106" description="Pictures">
					<height>40</height>
					<font>font13</font>
					<textcolor>grey2</textcolor>
					<focusedcolor>white</focusedcolor>
					<width>275</width>
					<label>Pictures</label>
					<onclick>Skin.SetString(AndroidShortcut,Pictures)</onclick>
					<selected>StringCompare(Skin.String(AndroidShortcut),Pictures)</selected>
					<enable>Skin.HasSetting(HomeMenuNoAndroidShortcuts)</enable>
				</control>
				<control type="radiobutton" id="107" description="Programs">
					<height>40</height>
					<font>font13</font>
					<textcolor>grey2</textcolor>
					<focusedcolor>white</focusedcolor>
					<width>275</width>
					<label>Programs</label>
					<onclick>Skin.SetString(AndroidShortcut,Programs)</onclick>
					<selected>StringCompare(Skin.String(AndroidShortcut),Programs)</selected>
					<enable>Skin.HasSetting(HomeMenuNoAndroidShortcuts)</enable>
				</control>
				<control type="radiobutton" id="117" description="System">
					<height>40</height>
					<font>font13</font>
					<textcolor>grey2</textcolor>
					<focusedcolor>white</focusedcolor>
					<width>275</width>
					<label>System</label>
					<onclick>Skin.SetString(AndroidShortcut,System)</onclick>
					<selected>StringCompare(Skin.String(AndroidShortcut),System)</selected>
					<enable>Skin.HasSetting(HomeMenuNoAndroidShortcuts)</enable>
				</control>
				<control type="radiobutton" id="109" description="TV Shows">
					<height>40</height>
					<font>font13</font>
					<textcolor>grey2</textcolor>
					<focusedcolor>white</focusedcolor>
					<width>275</width>
					<label>TV Shows</label>
					<onclick>Skin.SetString(AndroidShortcut,TV Shows)</onclick>
					<selected>StringCompare(Skin.String(AndroidShortcut),TV Shows)</selected>
					<enable>Skin.HasSetting(HomeMenuNoAndroidShortcuts)</enable>
				</control>
				<control type="radiobutton" id="110" description="Videos">
					<height>40</height>
					<font>font13</font>
					<textcolor>grey2</textcolor>
					<focusedcolor>white</focusedcolor>
					<width>275</width>
					<label>Videos</label>
					<onclick>Skin.SetString(AndroidShortcut,Videos)</onclick>
					<selected>StringCompare(Skin.String(AndroidShortcut),Videos)</selected>
					<enable>Skin.HasSetting(HomeMenuNoAndroidShortcuts)</enable>
				</control>
				<control type="radiobutton" id="111" description="Custom1">
					<height>40</height>
					<font>font13</font>
					<textcolor>grey2</textcolor>
					<focusedcolor>white</focusedcolor>
					<width>275</width>
					<label>Custom Favourites 1</label>
					<onclick>Skin.SetString(AndroidShortcut,CF1)</onclick>
					<selected>StringCompare(Skin.String(AndroidShortcut),CF1)</selected>
					<enable>Skin.HasSetting(HomeMenuNoAndroidShortcuts)</enable>
				</control>
				<control type="radiobutton" id="112" description="Custom2">
					<height>40</height>
					<font>font13</font>
					<textcolor>grey2</textcolor>
					<focusedcolor>white</focusedcolor>
					<width>275</width>
					<label>Custom Favourites 2</label>
					<onclick>Skin.SetString(AndroidShortcut,CF2)</onclick>
					<selected>StringCompare(Skin.String(AndroidShortcut),CF2)</selected>
					<enable>Skin.HasSetting(HomeMenuNoAndroidShortcuts)</enable>
				</control>
				<control type="radiobutton" id="113" description="Custom3">
					<height>40</height>
					<font>font13</font>
					<textcolor>grey2</textcolor>
					<focusedcolor>white</focusedcolor>
					<width>275</width>
					<label>Custom Favourites 3</label>
					<onclick>Skin.SetString(AndroidShortcut,CF3)</onclick>
					<selected>StringCompare(Skin.String(AndroidShortcut),CF3)</selected>
					<enable>Skin.HasSetting(HomeMenuNoAndroidShortcuts)</enable>
				</control>
				<control type="radiobutton" id="114" description="Custom4">
					<height>40</height>
					<font>font13</font>
					<textcolor>grey2</textcolor>
					<focusedcolor>white</focusedcolor>
					<width>275</width>
					<label>Custom Favourites 4</label>
					<onclick>Skin.SetString(AndroidShortcut,CF4)</onclick>
					<selected>StringCompare(Skin.String(AndroidShortcut),CF4)</selected>
					<enable>Skin.HasSetting(HomeMenuNoAndroidShortcuts)</enable>
				</control>
				<control type="radiobutton" id="115" description="Custom5">
					<height>40</height>
					<font>font13</font>
					<textcolor>grey2</textcolor>
					<focusedcolor>white</focusedcolor>
					<width>275</width>
					<label>Custom Favourites 5</label>
					<onclick>Skin.SetString(AndroidShortcut,CF5)</onclick>
					<selected>StringCompare(Skin.String(AndroidShortcut),CF5)</selected>
					<enable>Skin.HasSetting(HomeMenuNoAndroidShortcuts)</enable>
				</control>
				<control type="radiobutton" id="116" description="Custom6">
					<height>40</height>
					<font>font13</font>
					<textcolor>grey2</textcolor>
					<focusedcolor>white</focusedcolor>
					<width>275</width>
					<label>Custom Favourites 6</label>
					<onclick>Skin.SetString(AndroidShortcut,CF6)</onclick>
					<selected>StringCompare(Skin.String(AndroidShortcut),CF6)</selected>
					<enable>Skin.HasSetting(HomeMenuNoAndroidShortcuts)</enable>
				</control>
			</control>
		</control>
<!-- Sub Menu Section -->
		<control type="group">
			<control type="grouplist" id="9002" description="Android Sub-Menu Options">
				<visible>!Skin.HasSetting(HomeMenuNoAndroidButton)</visible>
				<posx>825</posx>
				<posy>130</posy>
				<width>300</width>
				<height>391</height>
				<onleft>9001</onleft>
				<onright>9000</onright>
				<onup>9002</onup>
				<ondown>9002</ondown>
				<itemgap>-1</itemgap>
				<pagecontrol>61</pagecontrol>
				<scrolltime>280</scrolltime>
				<control type="button" id="200">
					<description>Show Sub-Menus</description>
					<width>275</width>
					<height>40</height>
					<font>font13</font>
					<label>[COLOR=lime]Sub-Menus ENABLED[/COLOR]</label>
					<onclick>Skin.ToggleSetting(HomeMenuNoAndroidSubMenus)</onclick>
					<selected>!Skin.HasSetting(HomeMenuNoAndroidSubMenus)</selected>
					<visible>!Skin.HasSetting(HomeMenuNoAndroidSubMenus)</visible>
				</control>
				<control type="button" id="201">
					<description>Show SubMenus</description>
					<width>275	</width>
					<height>40</height>
					<font>font13</font>
					<label>[COLOR=red]DISABLED[/COLOR] - Click to enable</label>
					<onclick>Skin.ToggleSetting(HomeMenuNoAndroidSubMenus)</onclick>
					<selected>Skin.HasSetting(HomeMenuNoAndroidSubMenus)</selected>
					<visible>Skin.HasSetting(HomeMenuNoAndroidSubMenus)</visible>
				</control>
				<control type="radiobutton" id="218" description="Android">
					<height>40</height>
					<font>font13</font>
					<textcolor>grey2</textcolor>
					<focusedcolor>white</focusedcolor>
					<width>275</width>
					<label>Andoroid</label>
					<onclick>Skin.SetString(AndroidSubMenu,Android)</onclick>
					<selected>StringCompare(Skin.String(AndroidSubMenu),Android) | IsEmpty(Skin.String(AndroidSubMenu))</selected>
					<enable>!Skin.HasSetting(HomeMenuNoAndroidSubMenus)</enable>
					<visible>System.Platform.Android</visible>
				</control>
				<control type="radiobutton" id="208" description="Favourites">
					<height>40</height>
					<font>font13</font>
					<textcolor>grey2</textcolor>
					<focusedcolor>white</focusedcolor>
					<width>275</width>
					<label>Favourites</label>
					<onclick>Skin.SetString(AndroidSubMenu,Favourites)</onclick>
					<selected>StringCompare(Skin.String(AndroidSubMenu),Favourites)</selected>
					<enable>!Skin.HasSetting(HomeMenuNoAndroidSubMenus)</enable>
				</control>
				<control type="radiobutton" id="202" description="Gaming">
					<height>40</height>
					<font>font13</font>
					<textcolor>grey2</textcolor>
					<focusedcolor>white</focusedcolor>
					<width>275</width>
					<label>Gaming</label>
					<onclick>Skin.SetString(AndroidSubMenu,Gaming)</onclick>
					<selected>StringCompare(Skin.String(AndroidSubMenu),Gaming)</selected>
					<enable>!Skin.HasSetting(HomeMenuNoAndroidSubMenus)</enable>
				</control>
				<control type="radiobutton" id="203" description="Live TV">
					<height>40</height>
					<font>font13</font>
					<textcolor>grey2</textcolor>
					<focusedcolor>white</focusedcolor>
					<width>275</width>
					<label>Live TV</label>
					<onclick>Skin.SetString(AndroidSubMenu,Live TV)</onclick>
					<selected>StringCompare(Skin.String(AndroidSubMenu),Live TV)</selected>
					<enable>!Skin.HasSetting(HomeMenuNoAndroidSubMenus)</enable>
				</control>
				<control type="radiobutton" id="204" description="Movies">
					<height>40</height>
					<font>font13</font>
					<textcolor>grey2</textcolor>
					<focusedcolor>white</focusedcolor>
					<width>275</width>
					<label>Movies</label>
					<onclick>Skin.SetString(AndroidSubMenu,Movies)</onclick>
					<selected>StringCompare(Skin.String(AndroidSubMenu),Movies)</selected>
					<enable>!Skin.HasSetting(HomeMenuNoAndroidSubMenus)</enable>
				</control>
				<control type="radiobutton" id="205" description="Music">
					<height>40</height>
					<font>font13</font>
					<textcolor>grey2</textcolor>
					<focusedcolor>white</focusedcolor>
					<width>275</width>
					<label>Music</label>
					<onclick>Skin.SetString(AndroidSubMenu,Music)</onclick>
					<selected>StringCompare(Skin.String(AndroidSubMenu),Music)</selected>
					<enable>!Skin.HasSetting(HomeMenuNoAndroidSubMenus)</enable>
				</control>
				<control type="radiobutton" id="206" description="Pictures">
					<height>40</height>
					<font>font13</font>
					<textcolor>grey2</textcolor>
					<focusedcolor>white</focusedcolor>
					<width>275</width>
					<label>Pictures</label>
					<onclick>Skin.SetString(AndroidSubMenu,Pictures)</onclick>
					<selected>StringCompare(Skin.String(AndroidSubMenu),Pictures)</selected>
					<enable>!Skin.HasSetting(HomeMenuNoAndroidSubMenus)</enable>
				</control>
				<control type="radiobutton" id="207" description="Programs">
					<height>40</height>
					<font>font13</font>
					<textcolor>grey2</textcolor>
					<focusedcolor>white</focusedcolor>
					<width>275</width>
					<label>Programs</label>
					<onclick>Skin.SetString(AndroidSubMenu,Programs)</onclick>
					<selected>StringCompare(Skin.String(AndroidSubMenu),Programs)</selected>
					<enable>!Skin.HasSetting(HomeMenuNoAndroidSubMenus)</enable>
				</control>
				<control type="radiobutton" id="217" description="System">
					<height>40</height>
					<font>font13</font>
					<textcolor>grey2</textcolor>
					<focusedcolor>white</focusedcolor>
					<width>275</width>
					<label>System</label>
					<onclick>Skin.SetString(AndroidSubMenu,System)</onclick>
					<selected>StringCompare(Skin.String(AndroidSubMenu),System)</selected>
					<enable>!Skin.HasSetting(HomeMenuNoAndroidSubMenus)</enable>
				</control>
				<control type="radiobutton" id="209" description="TV Shows">
					<height>40</height>
					<font>font13</font>
					<textcolor>grey2</textcolor>
					<focusedcolor>white</focusedcolor>
					<width>275</width>
					<label>TV Shows</label>
					<onclick>Skin.SetString(AndroidSubMenu,TV Shows)</onclick>
					<selected>StringCompare(Skin.String(AndroidSubMenu),TV Shows)</selected>
					<enable>!Skin.HasSetting(HomeMenuNoAndroidSubMenus)</enable>
				</control>
				<control type="radiobutton" id="210" description="Videos">
					<height>40</height>
					<font>font13</font>
					<textcolor>grey2</textcolor>
					<focusedcolor>white</focusedcolor>
					<width>275</width>
					<label>Videos</label>
					<onclick>Skin.SetString(AndroidSubMenu,Videos)</onclick>
					<selected>StringCompare(Skin.String(AndroidSubMenu),Videos)</selected>
					<enable>!Skin.HasSetting(HomeMenuNoAndroidSubMenus)</enable>
				</control>
				<control type="radiobutton" id="211" description="Custom1">
					<height>40</height>
					<font>font13</font>
					<textcolor>grey2</textcolor>
					<focusedcolor>white</focusedcolor>
					<width>275</width>
					<label>Custom Favourites 1</label>
					<onclick>Skin.SetString(AndroidSubMenu,CF1)</onclick>
					<selected>StringCompare(Skin.String(AndroidSubMenu),CF1)</selected>
					<enable>!Skin.HasSetting(HomeMenuNoAndroidSubMenus)</enable>
				</control>
				<control type="radiobutton" id="212" description="Custom2">
					<height>40</height>
					<font>font13</font>
					<textcolor>grey2</textcolor>
					<focusedcolor>white</focusedcolor>
					<width>275</width>
					<label>Custom Favourites 2</label>
					<onclick>Skin.SetString(AndroidSubMenu,CF2)</onclick>
					<selected>StringCompare(Skin.String(AndroidSubMenu),CF2)</selected>
					<enable>!Skin.HasSetting(HomeMenuNoAndroidSubMenus)</enable>
				</control>
				<control type="radiobutton" id="213" description="Custom3">
					<height>40</height>
					<font>font13</font>
					<textcolor>grey2</textcolor>
					<focusedcolor>white</focusedcolor>
					<width>275</width>
					<label>Custom Favourites 3</label>
					<onclick>Skin.SetString(AndroidSubMenu,CF3)</onclick>
					<selected>StringCompare(Skin.String(AndroidSubMenu),CF3)</selected>
					<enable>!Skin.HasSetting(HomeMenuNoAndroidSubMenus)</enable>
				</control>
				<control type="radiobutton" id="214" description="Custom4">
					<height>40</height>
					<font>font13</font>
					<textcolor>grey2</textcolor>
					<focusedcolor>white</focusedcolor>
					<width>275</width>
					<label>Custom Favourites 4</label>
					<onclick>Skin.SetString(AndroidSubMenu,CF4)</onclick>
					<selected>StringCompare(Skin.String(AndroidSubMenu),CF4)</selected>
					<enable>!Skin.HasSetting(HomeMenuNoAndroidSubMenus)</enable>
				</control>
				<control type="radiobutton" id="215" description="Custom5">
					<height>40</height>
					<font>font13</font>
					<textcolor>grey2</textcolor>
					<focusedcolor>white</focusedcolor>
					<width>275</width>
					<label>Custom Favourites 5</label>
					<onclick>Skin.SetString(AndroidSubMenu,CF5)</onclick>
					<selected>StringCompare(Skin.String(AndroidSubMenu),CF5)</selected>
					<enable>!Skin.HasSetting(HomeMenuNoAndroidSubMenus)</enable>
				</control>
				<control type="radiobutton" id="216" description="Custom6">
					<height>40</height>
					<font>font13</font>
					<textcolor>grey2</textcolor>
					<focusedcolor>white</focusedcolor>
					<width>275</width>
					<label>Custom Favourites 6</label>
					<onclick>Skin.SetString(AndroidSubMenu,CF6)</onclick>
					<selected>StringCompare(Skin.String(AndroidSubMenu),CF6)</selected>
					<enable>!Skin.HasSetting(HomeMenuNoAndroidSubMenus)</enable>
				</control>
			</control>
		</control>		
<!-- Main Video Section -->
		<control type="group">
			<control type="grouplist" id="9000">
				<left>100</left>
				<top>130</top>
				<width>350</width>
				<height>391</height>
				<itemgap>-1</itemgap>
				<pagecontrol>61</pagecontrol>
				<onleft>9002</onleft>
				<onright>9001</onright>
				<onup>9000</onup>
				<ondown>9000</ondown>
				
<!--Enable Videos on Nav Bar-->
				<control type="button" id="1">
					<description>Show Android Button</description>
					<width>350</width>
					<height>40</height>
					<font>font13</font>
					<textcolor>grey2</textcolor>
					<focusedcolor>white</focusedcolor>
					<label>[COLOR=lime]ANDROID Section ENABLED[/COLOR]</label>
					<onclick>Skin.ToggleSetting(HomeMenuNoAndroidButton)</onclick>
					<selected>!Skin.HasSetting(HomeMenuNoAndroidButton)</selected>
					<visible>!Skin.HasSetting(HomeMenuNoAndroidButton)</visible>
				</control>
				<control type="button" id="2">
					<description>Show Android Button</description>
					<width>350</width>
					<height>40</height>
					<font>font13</font>
					<textcolor>grey2</textcolor>
					<focusedcolor>white</focusedcolor>
					<label>[COLOR=red]DISABLED[/COLOR] - Click to enable</label>
					<onclick>Skin.ToggleSetting(HomeMenuNoAndroidButton)</onclick>
					<selected>!Skin.HasSetting(HomeMenuNoAndroidButton)</selected>
					<visible>Skin.HasSetting(HomeMenuNoAndroidButton)</visible>
				</control>
				<control type="radiobutton" id="3">
					<description>Use Custom Android Link</description>
					<width>350</width>
					<height>40</height>
					<font>font13</font>
					<textcolor>grey2</textcolor>
					<focusedcolor>white</focusedcolor>
					<label>Use Custom Android Link</label>
					<onclick>Skin.ToggleSetting(UseDefaultAndroid)</onclick>
					<selected>Skin.HasSetting(UseDefaultAndroid)</selected>
					<visible>!Skin.HasSetting(HomeMenuNoAndroidButton)</visible>
				</control>
				<control type="button" id="4">
					<width>350</width>
					<height>40</height>
					<font>font13</font>
					<label>- Set Android Favourite</label>
					<label2>[COLOR=selected]$INFO[Skin.String(HomeCustomAndroid.Label)][/COLOR]</label2>
					<textcolor>grey2</textcolor>
					<focusedcolor>white</focusedcolor>
					<onclick>RunScript(script.favourites,changetitle=true&amp;property=HomeCustomAndroid)</onclick>
					<enable>Skin.HasSetting(UseDefaultAndroid)</enable>
					<visible>!Skin.HasSetting(HomeMenuNoAndroidButton)</visible>
				</control>
				<control type="radiobutton" id="5">
					<width>350</width>
					<height>40</height>
					<font>font13</font>
					<label>31109</label>
					<textcolor>grey2</textcolor>
					<focusedcolor>white</focusedcolor>
					<onclick>Skin.ToggleSetting(UseAndroidCustomBackground)</onclick>
					<selected>Skin.HasSetting(UseAndroidCustomBackground)</selected>
					<visible>!Skin.HasSetting(HomeMenuNoAndroidButton)</visible>
				</control>
				<control type="button" id="6">
					<width>350</width>
					<height>40</height>
					<font>font13</font>
					<label>- $LOCALIZE[31110]</label>
					<label2>[COLOR=selected]$INFO[Skin.String(CustomAndroidBackgroundPath)][/COLOR]</label2>
					<textcolor>grey2</textcolor>
					<focusedcolor>white</focusedcolor>
					<onclick>Skin.SetImage(CustomAndroidBackgroundPath)</onclick>
					<enable>Skin.HasSetting(UseAndroidCustomBackground)</enable>
					<visible>!Skin.HasSetting(HomeMenuNoAndroidButton)</visible>
				</control>
				<control type="radiobutton" id="7">
					<width>350</width>
					<height>40</height>
					<font>font13</font>
					<label>Enable Custom Icon Overlay</label>
					<textcolor>grey2</textcolor>
					<focusedcolor>white</focusedcolor>
					<onclick>Skin.ToggleSetting(UseCustomAndroidIcon)</onclick>
					<selected>Skin.HasSetting(UseCustomAndroidIcon)</selected>
					<visible>!Skin.HasSetting(HomeMenuNoAndroidButton)</visible>
				</control>
				<control type="button" id="8">
					<width>350</width>
					<height>40</height>
					<font>font13</font>
					<label>- Custom Android Icon</label>
					<label2>[COLOR=selected]$INFO[Skin.String(CustomAndroidPath)][/COLOR]</label2>
					<textcolor>grey2</textcolor>
					<focusedcolor>white</focusedcolor>
					<onclick>Skin.SetImage(CustomAndroidPath)</onclick>
					<enable>Skin.HasSetting(UseCustomAndroidIcon)</enable>
					<visible>!Skin.HasSetting(HomeMenuNoAndroidButton)</visible>
				</control>
				<control type="radiobutton" id="9">
					<description>Show Recently added info</description>
					<width>350</width>
					<height>40</height>
					<font>font13</font>
					<textcolor>grey2</textcolor>
					<focusedcolor>white</focusedcolor>
					<label>Show Recently Added Info</label>
					<onclick>Skin.ToggleSetting(AndroidRecentlyAdded)</onclick>
					<selected>Skin.HasSetting(AndroidRecentlyAdded)</selected>
					<visible>!Skin.HasSetting(HomeMenuNoAndroidButton)</visible>
				</control>
				<control type="radiobutton" id="10">
					<description>Show Recently added Movies info</description>
					<width>350</width>
					<height>40</height>
					<font>font13</font>
					<textcolor>grey2</textcolor>
					<focusedcolor>white</focusedcolor>
					<label>Show recently added Movies</label>
					<onclick>Skin.ToggleSetting(AndroidRecentlyAddedMovies)</onclick>
					<onclick>Skin.SetString(AndroidRA,Movies)</onclick>
					<selected>StringCompare(Skin.String(AndroidRA),Movies)</selected>
					<selected>Skin.HasSetting(AndroidRecentlyAddedMovies)</selected>
					<enable>Skin.HasSetting(AndroidRecentlyAdded)</enable>
					<visible>!Skin.HasSetting(HomeMenuNoAndroidButton)</visible>
				</control>
				<control type="radiobutton" id="12">
					<description>Show Recently added TV Shows info</description>
					<width>350</width>
					<height>40</height>
					<font>font13</font>
					<textcolor>grey2</textcolor>
					<focusedcolor>white</focusedcolor>
					<label>Show recently added TV Shows</label>
					<onclick>Skin.ToggleSetting(AndroidRecentlyAddedTVShows)</onclick>
					<onclick>Skin.SetString(AndroidRA,TV Shows)</onclick>
					<selected>StringCompare(Skin.String(AndroidRA),TV Shows)</selected>
					<selected>Skin.HasSetting(AndroidRecentlyAddedTVShows)</selected>
					<enable>Skin.HasSetting(AndroidRecentlyAdded)</enable>
					<visible>!Skin.HasSetting(HomeMenuNoAndroidButton)</visible>
				</control>
				<control type="radiobutton" id="11">
					<description>Show Recently added music info</description>
					<width>350</width>
					<height>40</height>
					<font>font13</font>
					<textcolor>grey2</textcolor>
					<focusedcolor>white</focusedcolor>
					<label>Show Recently added Music</label>
					<onclick>Skin.ToggleSetting(AndroidRecentlyAddedMusic)</onclick>
					<onclick>Skin.SetString(AndroidRA,Music)</onclick>
					<selected>StringCompare(Skin.String(AndroidRA),Music)</selected>
					<selected>Skin.HasSetting(AndroidRecentlyAddedMusic)</selected>
					<enable>Skin.HasSetting(AndroidRecentlyAdded)</enable>
					<visible>!Skin.HasSetting(HomeMenuNoAndroidButton)</visible>
				</control>
			</control>
		</control>
		<include>CommonNowPlaying</include>
		<include>MainWindowMouseButtons</include>
		<include>BehindDialogFadeOut</include>
		<include condition="!Skin.HasSetting(EnableClock)">Clock</include>
	</controls>
</window>
