<?xml version="1.0" encoding="UTF-8"?>
<window id="1123" type="window">
	<defaultcontrol always="true">9000</defaultcontrol>
	<controls>
		<control type="label">
			<posx>100</posx>
			<posy>50</posy>
			<width>350</width>
			<height>60</height>
			<font>font35_title</font>
			<textcolor>blue</textcolor>
			<align>left</align>
			<aligny>center</aligny>
			<label>Programs Section</label>
		</control>
		<control type="label">
			<posx>100</posx>
			<posy>100</posy>
			<width>350</width>
			<height>40</height>
			<font>font12</font>
			<textcolor>white</textcolor>
			<align>left</align>
			<aligny>top</aligny>
			<label>Fully customise your Programs section.[CR]</label>
		</control>
		<control type="label">
			<posx>500</posx>
			<posy>50</posy>
			<width>200</width>
			<height>60</height>
			<font>font35_title</font>
			<textcolor>blue</textcolor>
			<align>left</align>
			<aligny>center</aligny>
			<label>Shortcuts</label>
			<visible>!Skin.HasSetting(HomeMenuNoProgramsButton)</visible>
		</control>				
		<control type="label">
			<posx>500</posx>
			<posy>100</posy>
			<width>250</width>
			<height>40</height>
			<font>font12</font>
			<textcolor>white</textcolor>
			<align>left</align>
			<aligny>top</aligny>
			<label>Select the shortcut set to use.[CR]</label>
			<visible>!Skin.HasSetting(HomeMenuNoProgramsButton)</visible>
		</control>
		<control type="label">
			<posx>825</posx>
			<posy>50</posy>
			<width>200</width>
			<height>60</height>
			<font>font35_title</font>
			<textcolor>blue</textcolor>
			<align>left</align>
			<aligny>center</aligny>
			<label>Sub-Menu</label>
			<visible>!Skin.HasSetting(HomeMenuNoProgramsButton)</visible>
		</control>				
		<control type="label">
			<posx>825</posx>
			<posy>100</posy>
			<width>250</width>
			<height>40</height>
			<font>font12</font>
			<textcolor>white</textcolor>
			<align>left</align>
			<aligny>top</aligny>
			<label>Select the Sub-Menu set to use.[CR]</label>
			<visible>!Skin.HasSetting(HomeMenuNoProgramsButton)</visible>
		</control>

<!-- Shortcuts Section -->
		<control type="group">
			<control type="grouplist" id="9001" description="Programs Sub-Menu Options">
				<visible>!Skin.HasSetting(HomeMenuNoProgramsButton)</visible>
				<posx>500</posx>
				<posy>130</posy>
				<width>300</width>
				<height>391</height>
				<onleft>9000</onleft>
				<onright>9002</onright>
				<onup>9001</onup>
				<ondown>9001</ondown>
				<itemgap>-1</itemgap>
				<pagecontrol>61</pagecontrol>
				<scrolltime>280</scrolltime>
				<control type="button" id="100">
					<description>Show Shortcuts</description>
					<width>275</width>
					<height>40</height>
					<font>font13</font>
					<label>[COLOR=lime]Shortcuts ENABLED[/COLOR]</label>
					<onclick>Skin.ToggleSetting(HomeMenuNoProgramsShortcuts)</onclick>
					<selected>Skin.HasSetting(HomeMenuNoProgramsShortcuts)</selected>
					<visible>Skin.HasSetting(HomeMenuNoProgramsShortcuts)</visible>
				</control>
				<control type="button" id="101">
					<description>Show Shortcuts</description>
					<width>275	</width>
					<height>40</height>
					<font>font13</font>
					<label>[COLOR=red]DISABLED[/COLOR] - Click to enable</label>
					<onclick>Skin.ToggleSetting(HomeMenuNoProgramsShortcuts)</onclick>
					<selected>!Skin.HasSetting(HomeMenuNoProgramsShortcuts)</selected>
					<visible>!Skin.HasSetting(HomeMenuNoProgramsShortcuts)</visible>
				</control>
				<control type="radiobutton" id="118" description="Android">
					<height>40</height>
					<font>font13</font>
					<textcolor>grey2</textcolor>
					<focusedcolor>white</focusedcolor>
					<width>275</width>
					<label>Android</label>
					<onclick>Skin.SetString(ProgramsShortcut,Android)</onclick>
					<selected>StringCompare(Skin.String(ProgramsShortcut),Android)</selected>
					<enable>Skin.HasSetting(HomeMenuNoProgramsShortcuts)</enable>
					<visible>System.Platform.Android</visible>
				</control>
				<control type="radiobutton" id="108" description="Favourites">
					<height>40</height>
					<font>font13</font>
					<textcolor>grey2</textcolor>
					<focusedcolor>white</focusedcolor>
					<width>275</width>
					<label>Favourites</label>
					<onclick>Skin.SetString(ProgramsShortcut,Favourites)</onclick>
					<selected>StringCompare(Skin.String(ProgramsShortcut),Favourites)</selected>
					<enable>Skin.HasSetting(HomeMenuNoProgramsShortcuts)</enable>
				</control>
				<control type="radiobutton" id="102" description="Gaming">
					<height>40</height>
					<font>font13</font>
					<textcolor>grey2</textcolor>
					<focusedcolor>white</focusedcolor>
					<width>275</width>
					<label>Gaming</label>
					<onclick>Skin.SetString(ProgramsShortcut,Gaming)</onclick>
					<selected>StringCompare(Skin.String(ProgramsShortcut),Gaming)</selected>
					<enable>Skin.HasSetting(HomeMenuNoProgramsShortcuts)</enable>
				</control>
				<control type="radiobutton" id="103" description="Live TV">
					<height>40</height>
					<font>font13</font>
					<textcolor>grey2</textcolor>
					<focusedcolor>white</focusedcolor>
					<width>275</width>
					<label>Live TV</label>
					<onclick>Skin.SetString(ProgramsShortcut,Live TV)</onclick>
					<selected>StringCompare(Skin.String(ProgramsShortcut),Live TV)</selected>
					<enable>Skin.HasSetting(HomeMenuNoProgramsShortcuts)</enable>
				</control>
				<control type="radiobutton" id="104" description="Movies">
					<height>40</height>
					<font>font13</font>
					<textcolor>grey2</textcolor>
					<focusedcolor>white</focusedcolor>
					<width>275</width>
					<label>Movies</label>
					<onclick>Skin.SetString(ProgramsShortcut,Movies)</onclick>
					<selected>StringCompare(Skin.String(ProgramsShortcut),Movies)</selected>
					<enable>Skin.HasSetting(HomeMenuNoProgramsShortcuts)</enable>
				</control>
				<control type="radiobutton" id="105" description="Music">
					<height>40</height>
					<font>font13</font>
					<textcolor>grey2</textcolor>
					<focusedcolor>white</focusedcolor>
					<width>275</width>
					<label>Music</label>
					<onclick>Skin.SetString(ProgramsShortcut,Music)</onclick>
					<selected>StringCompare(Skin.String(ProgramsShortcut),Music)</selected>
					<enable>Skin.HasSetting(HomeMenuNoProgramsShortcuts)</enable>
				</control>
				<control type="radiobutton" id="106" description="Pictures">
					<height>40</height>
					<font>font13</font>
					<textcolor>grey2</textcolor>
					<focusedcolor>white</focusedcolor>
					<width>275</width>
					<label>Pictures</label>
					<onclick>Skin.SetString(ProgramsShortcut,Pictures)</onclick>
					<selected>StringCompare(Skin.String(ProgramsShortcut),Pictures)</selected>
					<enable>Skin.HasSetting(HomeMenuNoProgramsShortcuts)</enable>
				</control>
				<control type="radiobutton" id="107" description="Programs">
					<height>40</height>
					<font>font13</font>
					<textcolor>grey2</textcolor>
					<focusedcolor>white</focusedcolor>
					<width>275</width>
					<label>Programs</label>
					<onclick>Skin.SetString(ProgramsShortcut,Programs)</onclick>
					<selected>StringCompare(Skin.String(ProgramsShortcut),Programs) | IsEmpty(Skin.String(ProgramsShortcut))</selected>
					<enable>Skin.HasSetting(HomeMenuNoProgramsShortcuts)</enable>
				</control>
				<control type="radiobutton" id="117" description="System">
					<height>40</height>
					<font>font13</font>
					<textcolor>grey2</textcolor>
					<focusedcolor>white</focusedcolor>
					<width>275</width>
					<label>System</label>
					<onclick>Skin.SetString(ProgramsShortcut,System)</onclick>
					<selected>StringCompare(Skin.String(ProgramsShortcut),System)</selected>
					<enable>Skin.HasSetting(HomeMenuNoProgramsShortcuts)</enable>
				</control>
				<control type="radiobutton" id="109" description="TV Shows">
					<height>40</height>
					<font>font13</font>
					<textcolor>grey2</textcolor>
					<focusedcolor>white</focusedcolor>
					<width>275</width>
					<label>TV Shows</label>
					<onclick>Skin.SetString(ProgramsShortcut,TV Shows)</onclick>
					<selected>StringCompare(Skin.String(ProgramsShortcut),TV Shows)</selected>
					<enable>Skin.HasSetting(HomeMenuNoProgramsShortcuts)</enable>
				</control>
				<control type="radiobutton" id="110" description="Videos">
					<height>40</height>
					<font>font13</font>
					<textcolor>grey2</textcolor>
					<focusedcolor>white</focusedcolor>
					<width>275</width>
					<label>Videos</label>
					<onclick>Skin.SetString(ProgramsShortcut,Videos)</onclick>
					<selected>StringCompare(Skin.String(ProgramsShortcut),Videos)</selected>
					<enable>Skin.HasSetting(HomeMenuNoProgramsShortcuts)</enable>
				</control>
				<control type="radiobutton" id="111" description="Custom1">
					<height>40</height>
					<font>font13</font>
					<textcolor>grey2</textcolor>
					<focusedcolor>white</focusedcolor>
					<width>275</width>
					<label>Custom Favourites 1</label>
					<onclick>Skin.SetString(ProgramsShortcut,CF1)</onclick>
					<selected>StringCompare(Skin.String(ProgramsShortcut),CF1)</selected>
					<enable>Skin.HasSetting(HomeMenuNoProgramsShortcuts)</enable>
				</control>
				<control type="radiobutton" id="112" description="Custom2">
					<height>40</height>
					<font>font13</font>
					<textcolor>grey2</textcolor>
					<focusedcolor>white</focusedcolor>
					<width>275</width>
					<label>Custom Favourites 2</label>
					<onclick>Skin.SetString(ProgramsShortcut,CF2)</onclick>
					<selected>StringCompare(Skin.String(ProgramsShortcut),CF2)</selected>
					<enable>Skin.HasSetting(HomeMenuNoProgramsShortcuts)</enable>
				</control>
				<control type="radiobutton" id="113" description="Custom3">
					<height>40</height>
					<font>font13</font>
					<textcolor>grey2</textcolor>
					<focusedcolor>white</focusedcolor>
					<width>275</width>
					<label>Custom Favourites 3</label>
					<onclick>Skin.SetString(ProgramsShortcut,CF3)</onclick>
					<selected>StringCompare(Skin.String(ProgramsShortcut),CF3)</selected>
					<enable>Skin.HasSetting(HomeMenuNoProgramsShortcuts)</enable>
				</control>
				<control type="radiobutton" id="114" description="Custom4">
					<height>40</height>
					<font>font13</font>
					<textcolor>grey2</textcolor>
					<focusedcolor>white</focusedcolor>
					<width>275</width>
					<label>Custom Favourites 4</label>
					<onclick>Skin.SetString(ProgramsShortcut,CF4)</onclick>
					<selected>StringCompare(Skin.String(ProgramsShortcut),CF4)</selected>
					<enable>Skin.HasSetting(HomeMenuNoProgramsShortcuts)</enable>
				</control>
				<control type="radiobutton" id="115" description="Custom5">
					<height>40</height>
					<font>font13</font>
					<textcolor>grey2</textcolor>
					<focusedcolor>white</focusedcolor>
					<width>275</width>
					<label>Custom Favourites 5</label>
					<onclick>Skin.SetString(ProgramsShortcut,CF5)</onclick>
					<selected>StringCompare(Skin.String(ProgramsShortcut),CF5)</selected>
					<enable>Skin.HasSetting(HomeMenuNoProgramsShortcuts)</enable>
				</control>
				<control type="radiobutton" id="116" description="Custom6">
					<height>40</height>
					<font>font13</font>
					<textcolor>grey2</textcolor>
					<focusedcolor>white</focusedcolor>
					<width>275</width>
					<label>Custom Favourites 6</label>
					<onclick>Skin.SetString(ProgramsShortcut,CF6)</onclick>
					<selected>StringCompare(Skin.String(ProgramsShortcut),CF6)</selected>
					<enable>Skin.HasSetting(HomeMenuNoProgramsShortcuts)</enable>
				</control>
			</control>
		</control>
<!-- Sub Menu Section -->
		<control type="group">
			<control type="grouplist" id="9002" description="Programs Sub-Menu Options">
				<visible>!Skin.HasSetting(HomeMenuNoProgramsButton)</visible>
				<posx>825</posx>
				<posy>130</posy>
				<width>300</width>
				<height>391</height>
				<onleft>9001</onleft>
				<onright>9000</onright>
				<onup>9002</onup>
				<ondown>9002</ondown>
				<itemgap>-1</itemgap>
				<pagecontrol>61</pagecontrol>
				<scrolltime>280</scrolltime>
				<control type="button" id="200">
					<description>Show Sub-Menus</description>
					<width>275</width>
					<height>40</height>
					<font>font13</font>
					<label>[COLOR=lime]Sub-Menus ENABLED[/COLOR]</label>
					<onclick>Skin.ToggleSetting(HomeMenuNoProgramsSubMenus)</onclick>
					<selected>!Skin.HasSetting(HomeMenuNoProgramsSubMenus)</selected>
					<visible>!Skin.HasSetting(HomeMenuNoProgramsSubMenus)</visible>
				</control>
				<control type="button" id="201">
					<description>Show SubMenus</description>
					<width>275	</width>
					<height>40</height>
					<font>font13</font>
					<label>[COLOR=red]DISABLED[/COLOR] - Click to enable</label>
					<onclick>Skin.ToggleSetting(HomeMenuNoProgramsSubMenus)</onclick>
					<selected>Skin.HasSetting(HomeMenuNoProgramsSubMenus)</selected>
					<visible>Skin.HasSetting(HomeMenuNoProgramsSubMenus)</visible>
				</control>
				<control type="radiobutton" id="218" description="Android">
					<height>40</height>
					<font>font13</font>
					<textcolor>grey2</textcolor>
					<focusedcolor>white</focusedcolor>
					<width>275</width>
					<label>Andoroid</label>
					<onclick>Skin.SetString(ProgramsSubMenu,Android)</onclick>
					<selected>StringCompare(Skin.String(ProgramsSubMenu),Android)</selected>
					<enable>!Skin.HasSetting(HomeMenuNoProgramsSubMenus)</enable>
					<visible>System.Platform.Android</visible>
				</control>
				<control type="radiobutton" id="208" description="Favourites">
					<height>40</height>
					<font>font13</font>
					<textcolor>grey2</textcolor>
					<focusedcolor>white</focusedcolor>
					<width>275</width>
					<label>Favourites</label>
					<onclick>Skin.SetString(ProgramsSubMenu,Favourites)</onclick>
					<selected>StringCompare(Skin.String(ProgramsSubMenu),Favourites)</selected>
					<enable>!Skin.HasSetting(HomeMenuNoProgramsSubMenus)</enable>
				</control>
				<control type="radiobutton" id="202" description="Gaming">
					<height>40</height>
					<font>font13</font>
					<textcolor>grey2</textcolor>
					<focusedcolor>white</focusedcolor>
					<width>275</width>
					<label>Gaming</label>
					<onclick>Skin.SetString(ProgramsSubMenu,Gaming)</onclick>
					<selected>StringCompare(Skin.String(ProgramsSubMenu),Gaming)</selected>
					<enable>!Skin.HasSetting(HomeMenuNoProgramsSubMenus)</enable>
				</control>
				<control type="radiobutton" id="203" description="Live TV">
					<height>40</height>
					<font>font13</font>
					<textcolor>grey2</textcolor>
					<focusedcolor>white</focusedcolor>
					<width>275</width>
					<label>Live TV</label>
					<onclick>Skin.SetString(ProgramsSubMenu,Live TV)</onclick>
					<selected>StringCompare(Skin.String(ProgramsSubMenu),Live TV)</selected>
					<enable>!Skin.HasSetting(HomeMenuNoProgramsSubMenus)</enable>
				</control>
				<control type="radiobutton" id="204" description="Movies">
					<height>40</height>
					<font>font13</font>
					<textcolor>grey2</textcolor>
					<focusedcolor>white</focusedcolor>
					<width>275</width>
					<label>Movies</label>
					<onclick>Skin.SetString(ProgramsSubMenu,Movies)</onclick>
					<selected>StringCompare(Skin.String(ProgramsSubMenu),Movies)</selected>
					<enable>!Skin.HasSetting(HomeMenuNoProgramsSubMenus)</enable>
				</control>
				<control type="radiobutton" id="205" description="Music">
					<height>40</height>
					<font>font13</font>
					<textcolor>grey2</textcolor>
					<focusedcolor>white</focusedcolor>
					<width>275</width>
					<label>Music</label>
					<onclick>Skin.SetString(ProgramsSubMenu,Music)</onclick>
					<selected>StringCompare(Skin.String(ProgramsSubMenu),Music)</selected>
					<enable>!Skin.HasSetting(HomeMenuNoProgramsSubMenus)</enable>
				</control>
				<control type="radiobutton" id="206" description="Pictures">
					<height>40</height>
					<font>font13</font>
					<textcolor>grey2</textcolor>
					<focusedcolor>white</focusedcolor>
					<width>275</width>
					<label>Pictures</label>
					<onclick>Skin.SetString(ProgramsSubMenu,Pictures)</onclick>
					<selected>StringCompare(Skin.String(ProgramsSubMenu),Pictures)</selected>
					<enable>!Skin.HasSetting(HomeMenuNoProgramsSubMenus)</enable>
				</control>
				<control type="radiobutton" id="207" description="Programs">
					<height>40</height>
					<font>font13</font>
					<textcolor>grey2</textcolor>
					<focusedcolor>white</focusedcolor>
					<width>275</width>
					<label>Programs</label>
					<onclick>Skin.SetString(ProgramsSubMenu,Programs)</onclick>
					<selected>StringCompare(Skin.String(ProgramsSubMenu),Programs) | IsEmpty(Skin.String(ProgramsSubMenu))</selected>
					<enable>!Skin.HasSetting(HomeMenuNoProgramsSubMenus)</enable>
				</control>
				<control type="radiobutton" id="217" description="System">
					<height>40</height>
					<font>font13</font>
					<textcolor>grey2</textcolor>
					<focusedcolor>white</focusedcolor>
					<width>275</width>
					<label>System</label>
					<onclick>Skin.SetString(ProgramsSubMenu,System)</onclick>
					<selected>StringCompare(Skin.String(ProgramsSubMenu),System)</selected>
					<enable>!Skin.HasSetting(HomeMenuNoProgramsSubMenus)</enable>
				</control>
				<control type="radiobutton" id="209" description="TV Shows">
					<height>40</height>
					<font>font13</font>
					<textcolor>grey2</textcolor>
					<focusedcolor>white</focusedcolor>
					<width>275</width>
					<label>TV Shows</label>
					<onclick>Skin.SetString(ProgramsSubMenu,TV Shows)</onclick>
					<selected>StringCompare(Skin.String(ProgramsSubMenu),TV Shows)</selected>
					<enable>!Skin.HasSetting(HomeMenuNoProgramsSubMenus)</enable>
				</control>
				<control type="radiobutton" id="210" description="Videos">
					<height>40</height>
					<font>font13</font>
					<textcolor>grey2</textcolor>
					<focusedcolor>white</focusedcolor>
					<width>275</width>
					<label>Videos</label>
					<onclick>Skin.SetString(ProgramsSubMenu,Videos)</onclick>
					<selected>StringCompare(Skin.String(ProgramsSubMenu),Videos)</selected>
					<enable>!Skin.HasSetting(HomeMenuNoProgramsSubMenus)</enable>
				</control>
				<control type="radiobutton" id="211" description="Custom1">
					<height>40</height>
					<font>font13</font>
					<textcolor>grey2</textcolor>
					<focusedcolor>white</focusedcolor>
					<width>275</width>
					<label>Custom Favourites 1</label>
					<onclick>Skin.SetString(ProgramsSubMenu,CF1)</onclick>
					<selected>StringCompare(Skin.String(ProgramsSubMenu),CF1)</selected>
					<enable>!Skin.HasSetting(HomeMenuNoProgramsSubMenus)</enable>
				</control>
				<control type="radiobutton" id="212" description="Custom2">
					<height>40</height>
					<font>font13</font>
					<textcolor>grey2</textcolor>
					<focusedcolor>white</focusedcolor>
					<width>275</width>
					<label>Custom Favourites 2</label>
					<onclick>Skin.SetString(ProgramsSubMenu,CF2)</onclick>
					<selected>StringCompare(Skin.String(ProgramsSubMenu),CF2)</selected>
					<enable>!Skin.HasSetting(HomeMenuNoProgramsSubMenus)</enable>
				</control>
				<control type="radiobutton" id="213" description="Custom3">
					<height>40</height>
					<font>font13</font>
					<textcolor>grey2</textcolor>
					<focusedcolor>white</focusedcolor>
					<width>275</width>
					<label>Custom Favourites 3</label>
					<onclick>Skin.SetString(ProgramsSubMenu,CF3)</onclick>
					<selected>StringCompare(Skin.String(ProgramsSubMenu),CF3)</selected>
					<enable>!Skin.HasSetting(HomeMenuNoProgramsSubMenus)</enable>
				</control>
				<control type="radiobutton" id="214" description="Custom4">
					<height>40</height>
					<font>font13</font>
					<textcolor>grey2</textcolor>
					<focusedcolor>white</focusedcolor>
					<width>275</width>
					<label>Custom Favourites 4</label>
					<onclick>Skin.SetString(ProgramsSubMenu,CF4)</onclick>
					<selected>StringCompare(Skin.String(ProgramsSubMenu),CF4)</selected>
					<enable>!Skin.HasSetting(HomeMenuNoProgramsSubMenus)</enable>
				</control>
				<control type="radiobutton" id="215" description="Custom5">
					<height>40</height>
					<font>font13</font>
					<textcolor>grey2</textcolor>
					<focusedcolor>white</focusedcolor>
					<width>275</width>
					<label>Custom Favourites 5</label>
					<onclick>Skin.SetString(ProgramsSubMenu,CF5)</onclick>
					<selected>StringCompare(Skin.String(ProgramsSubMenu),CF5)</selected>
					<enable>!Skin.HasSetting(HomeMenuNoProgramsSubMenus)</enable>
				</control>
				<control type="radiobutton" id="216" description="Custom6">
					<height>40</height>
					<font>font13</font>
					<textcolor>grey2</textcolor>
					<focusedcolor>white</focusedcolor>
					<width>275</width>
					<label>Custom Favourites 6</label>
					<onclick>Skin.SetString(ProgramsSubMenu,CF6)</onclick>
					<selected>StringCompare(Skin.String(ProgramsSubMenu),CF6)</selected>
					<enable>!Skin.HasSetting(HomeMenuNoProgramsSubMenus)</enable>
				</control>
			</control>
		</control>		
<!-- Main Programs Section -->
		<control type="group">
			<control type="grouplist" id="9000">
				<left>100</left>
				<top>130</top>
				<width>350</width>
				<height>391</height>
				<itemgap>-1</itemgap>
				<pagecontrol>61</pagecontrol>
				<onleft>9002</onleft>
				<onright>9001</onright>
				<onup>9000</onup>
				<ondown>9000</ondown>
				
<!--Enable Programs on Nav Bar-->
				<control type="button" id="1">
					<description>Show Programs Button</description>
					<width>350</width>
					<height>40</height>
					<font>font13</font>
					<textcolor>grey2</textcolor>
					<focusedcolor>white</focusedcolor>
					<label>[COLOR=lime]PROGRAMS Section ENABLED[/COLOR]</label>
					<onclick>Skin.ToggleSetting(HomeMenuNoProgramsButton)</onclick>
					<selected>!Skin.HasSetting(HomeMenuNoProgramsButton)</selected>
					<visible>!Skin.HasSetting(HomeMenuNoProgramsButton)</visible>
				</control>
				<control type="button" id="2">
					<description>Show Programs Button</description>
					<width>350</width>
					<height>40</height>
					<font>font13</font>
					<textcolor>grey2</textcolor>
					<focusedcolor>white</focusedcolor>
					<label>[COLOR=red]DISABLED[/COLOR] - Click to enable</label>
					<onclick>Skin.ToggleSetting(HomeMenuNoProgramsButton)</onclick>
					<selected>!Skin.HasSetting(HomeMenuNoProgramsButton)</selected>
					<visible>Skin.HasSetting(HomeMenuNoProgramsButton)</visible>
				</control>
				<control type="radiobutton" id="3">
					<description>Use Custom Programs Link</description>
					<width>350</width>
					<height>40</height>
					<font>font13</font>
					<textcolor>grey2</textcolor>
					<focusedcolor>white</focusedcolor>
					<label>Use Custom Programs Link</label>
					<onclick>Skin.ToggleSetting(UseDefaultPrograms)</onclick>
					<selected>Skin.HasSetting(UseDefaultPrograms)</selected>
					<visible>!Skin.HasSetting(HomeMenuNoProgramsButton)</visible>
				</control>
				<control type="button" id="4">
					<width>350</width>
					<height>40</height>
					<font>font13</font>
					<label>- Set Programs Favourite</label>
					<label2>[COLOR=selected]$INFO[Skin.String(HomeCustomPrograms.Label)][/COLOR]</label2>
					<textcolor>grey2</textcolor>
					<focusedcolor>white</focusedcolor>
					<onclick>RunScript(script.favourites,changetitle=true&amp;property=HomeCustomPrograms)</onclick>
					<enable>Skin.HasSetting(UseDefaultPrograms)</enable>
					<visible>!Skin.HasSetting(HomeMenuNoProgramsButton)</visible>
				</control>
				<control type="radiobutton" id="5">
					<width>350</width>
					<height>40</height>
					<font>font13</font>
					<label>31109</label>
					<textcolor>grey2</textcolor>
					<focusedcolor>white</focusedcolor>
					<onclick>Skin.ToggleSetting(UseProgramsCustomBackground)</onclick>
					<selected>Skin.HasSetting(UseProgramsCustomBackground)</selected>
					<visible>!Skin.HasSetting(HomeMenuNoProgramsButton)</visible>
				</control>
				<control type="button" id="6">
					<width>350</width>
					<height>40</height>
					<font>font13</font>
					<label>- $LOCALIZE[31110]</label>
					<label2>[COLOR=selected]$INFO[Skin.String(CustomProgramsBackgroundPath)][/COLOR]</label2>
					<textcolor>grey2</textcolor>
					<focusedcolor>white</focusedcolor>
					<onclick>Skin.SetImage(CustomProgramsBackgroundPath)</onclick>
					<enable>Skin.HasSetting(UseProgramsCustomBackground)</enable>
					<visible>!Skin.HasSetting(HomeMenuNoProgramsButton)</visible>
				</control>
				<control type="radiobutton" id="7">
					<width>350</width>
					<height>40</height>
					<font>font13</font>
					<label>Enable Custom Icon Overlay</label>
					<textcolor>grey2</textcolor>
					<focusedcolor>white</focusedcolor>
					<onclick>Skin.ToggleSetting(UseCustomProgramsIcon)</onclick>
					<selected>Skin.HasSetting(UseCustomProgramsIcon)</selected>
					<visible>!Skin.HasSetting(HomeMenuNoProgramsButton)</visible>
				</control>
				<control type="button" id="8">
					<width>350</width>
					<height>40</height>
					<font>font13</font>
					<label>- Custom Programs Icon</label>
					<label2>[COLOR=selected]$INFO[Skin.String(CustomProgramsPath)][/COLOR]</label2>
					<textcolor>grey2</textcolor>
					<focusedcolor>white</focusedcolor>
					<onclick>Skin.SetImage(CustomProgramsPath)</onclick>
					<enable>Skin.HasSetting(UseCustomProgramsIcon)</enable>
					<visible>!Skin.HasSetting(HomeMenuNoProgramsButton)</visible>
				</control>
				<control type="radiobutton" id="9">
					<description>Show Recently added info</description>
					<width>350</width>
					<height>40</height>
					<font>font13</font>
					<textcolor>grey2</textcolor>
					<focusedcolor>white</focusedcolor>
					<label>Show Recently Added Info</label>
					<onclick>Skin.ToggleSetting(ProgramsRecentlyAdded)</onclick>
					<selected>Skin.HasSetting(ProgramsRecentlyAdded)</selected>
					<visible>!Skin.HasSetting(HomeMenuNoProgramsButton)</visible>
				</control>
				<control type="radiobutton" id="10">
					<description>Show Recently added Movies info</description>
					<width>350</width>
					<height>40</height>
					<font>font13</font>
					<textcolor>grey2</textcolor>
					<focusedcolor>white</focusedcolor>
					<label>Show recently added Movies</label>
					<onclick>Skin.ToggleSetting(ProgramsRecentlyAddedMovies)</onclick>
					<onclick>Skin.SetString(ProgramsRA,Movies)</onclick>
					<selected>StringCompare(Skin.String(ProgramsRA),Movies)</selected>
					<selected>Skin.HasSetting(ProgramsRecentlyAddedMovies)</selected>
					<enable>Skin.HasSetting(ProgramsRecentlyAdded)</enable>
					<visible>!Skin.HasSetting(HomeMenuNoProgramsButton)</visible>
				</control>
				<control type="radiobutton" id="12">
					<description>Show Recently added TV Shows info</description>
					<width>350</width>
					<height>40</height>
					<font>font13</font>
					<textcolor>grey2</textcolor>
					<focusedcolor>white</focusedcolor>
					<label>Show recently added TV Shows</label>
					<onclick>Skin.ToggleSetting(ProgramsRecentlyAddedTVShows)</onclick>
					<onclick>Skin.SetString(ProgramsRA,TV Shows)</onclick>
					<selected>StringCompare(Skin.String(ProgramsRA),TV Shows)</selected>
					<selected>Skin.HasSetting(ProgramsRecentlyAddedTVShows)</selected>
					<enable>Skin.HasSetting(ProgramsRecentlyAdded)</enable>
					<visible>!Skin.HasSetting(HomeMenuNoProgramsButton)</visible>
				</control>
				<control type="radiobutton" id="11">
					<description>Show Recently added music info</description>
					<width>350</width>
					<height>40</height>
					<font>font13</font>
					<textcolor>grey2</textcolor>
					<focusedcolor>white</focusedcolor>
					<label>Show Recently added Music</label>
					<onclick>Skin.ToggleSetting(ProgramsRecentlyAddedMusic)</onclick>
					<onclick>Skin.SetString(ProgramsRA,Music)</onclick>
					<selected>StringCompare(Skin.String(ProgramsRA),Music)</selected>
					<selected>Skin.HasSetting(ProgramsRecentlyAddedMusic)</selected>
					<enable>Skin.HasSetting(ProgramsRecentlyAdded)</enable>
					<visible>!Skin.HasSetting(HomeMenuNoProgramsButton)</visible>
				</control>
			</control>
		</control>
		<include>CommonNowPlaying</include>
		<include>MainWindowMouseButtons</include>
		<include>BehindDialogFadeOut</include>
		<include condition="!Skin.HasSetting(EnableClock)">Clock</include>
	</controls>
</window>
