<?xml version="1.0" encoding="UTF-8"?>
<window id="1131" type="window">
	<defaultcontrol always="true">9000</defaultcontrol>
	<controls>
		<control type="label">
			<left>240</left>
			<top>10</top>
			<width>680</width>
			<height>60</height>
			<font>font35_title</font>
			<textcolor>blue</textcolor>
			<align>left</align>
			<aligny>center</aligny>
			<label>Video Shortcuts</label>
		</control>
		<control type="textbox">
			<left>240</left>
			<top>60</top>
			<width>680</width>
			<height>250</height>
			<font>font14</font>
			<textcolor>white</textcolor>
			<align>left</align>
			<label>To add shortcuts you will first need to add the relevant content to your favourites. The best method is to add as a Super Favourite first and then add that SF as a XBMC/Kodi favourite. This will ensure the item loads correctly</label>
		</control>
				<control type="group">
					<control type="grouplist" id="9000">
						<left>240</left>
						<top>200</top>
						<width>750</width>
						<height>430</height>
						<itemgap>-1</itemgap>
						<pagecontrol>61</pagecontrol>
						<onleft>9000</onleft>
						<onright>61</onright>
						<onup>9000</onup>
						<ondown>9000</ondown>
<!--Videos shortcuts-->
						<control type="radiobutton" id="441">
							<description>Enable Custom Favourite 1</description>
							<width>750</width>
							<height>40</height>
							<font>font13</font>
							<textcolor>grey2</textcolor>
							<focusedcolor>white</focusedcolor>
							<label>Enable - Custom Favourite 1</label>
							<onclick>Skin.ToggleSetting(HomeMenuCFVids1)</onclick>
							<selected>Skin.HasSetting(HomeMenuCFVids1)</selected>
							<texturefocus>MenuItemFO.png</texturefocus>
							<texturenofocus>MenuItemNF.png</texturenofocus>
						</control>
						<control type="button" id="541">
							<width>750</width>
							<height>40</height>
							<font>font13</font>
							<label>- Set Custom Favourite 1</label>
							<label2>[COLOR=selected]$INFO[Skin.String(SFVids1.Label)][/COLOR]</label2>
							<textcolor>grey2</textcolor>
							<focusedcolor>white</focusedcolor>
							<texturefocus>MenuItemFO.png</texturefocus>
							<texturenofocus>MenuItemNF.png</texturenofocus>
							<onclick>RunScript(script.favourites,changetitle=true&amp;property=SFVids1)</onclick>
							<enable>Skin.HasSetting(HomeMenuCFVids1)</enable>
							<visible>Skin.HasSetting(HomeMenuCFVids1)</visible>					
						</control>
						<control type="button" id="641">
							<width>750</width>
							<height>40</height>
							<font>font13</font>
							<label>- Set [COLOR=blue]$INFO[Skin.String(SFVids1.Label)][/COLOR] Icon</label>
							<label2>[COLOR=selected]$INFO[Skin.String(CFVids1Icon)][/COLOR]</label2>
							<textcolor>grey2</textcolor>
							<focusedcolor>white</focusedcolor>
							<texturefocus>MenuItemFO.png</texturefocus>
							<texturenofocus>MenuItemNF.png</texturenofocus>
							<onclick>Skin.SetImage(CFVids1Icon)</onclick>
							<visible>Skin.HasSetting(HomeMenuCFVids1)</visible>
						</control>
						<control type="radiobutton" id="442">
							<description>Enable Custom Favourite 2</description>
							<width>750</width>
							<height>40</height>
							<font>font13</font>
							<textcolor>grey2</textcolor>
							<focusedcolor>white</focusedcolor>
							<label>Enable - Custom Favourite 2</label>
							<onclick>Skin.ToggleSetting(HomeMenuCFVids2)</onclick>
							<selected>Skin.HasSetting(HomeMenuCFVids2)</selected>
							<texturefocus>MenuItemFO.png</texturefocus>
							<texturenofocus>MenuItemNF.png</texturenofocus>
						</control>
						<control type="button" id="542">
							<width>750</width>
							<height>40</height>
							<font>font13</font>
							<label>- Set Custom Favourite 2</label>
							<label2>[COLOR=selected]$INFO[Skin.String(SFVids2.Label)][/COLOR]</label2>
							<textcolor>grey2</textcolor>
							<focusedcolor>white</focusedcolor>
							<texturefocus>MenuItemFO.png</texturefocus>
							<texturenofocus>MenuItemNF.png</texturenofocus>
							<onclick>RunScript(script.favourites,changetitle=true&amp;property=SFVids2)</onclick>
							<enable>Skin.HasSetting(HomeMenuCFVids2)</enable>
							<visible>Skin.HasSetting(HomeMenuCFVids2)</visible>					
						</control>
						<control type="button" id="642">
							<width>750</width>
							<height>40</height>
							<font>font13</font>
							<label>- Set [COLOR=blue]$INFO[Skin.String(SFVids2.Label)][/COLOR] Icon</label>
							<label2>[COLOR=selected]$INFO[Skin.String(CFVids2Icon)][/COLOR]</label2>
							<textcolor>grey2</textcolor>
							<focusedcolor>white</focusedcolor>
							<texturefocus>MenuItemFO.png</texturefocus>
							<texturenofocus>MenuItemNF.png</texturenofocus>
							<onclick>Skin.SetImage(CFVids2Icon)</onclick>
							<visible>Skin.HasSetting(HomeMenuCFVids2)</visible>
						</control>
						<control type="radiobutton" id="443">
							<description>Enable Custom Favourite 3</description>
							<width>750</width>
							<height>40</height>
							<font>font13</font>
							<textcolor>grey2</textcolor>
							<focusedcolor>white</focusedcolor>
							<label>Enable - Custom Favourite 3</label>
							<onclick>Skin.ToggleSetting(HomeMenuCFVids3)</onclick>
							<selected>Skin.HasSetting(HomeMenuCFVids3)</selected>
							<texturefocus>MenuItemFO.png</texturefocus>
							<texturenofocus>MenuItemNF.png</texturenofocus>
						</control>
						<control type="button" id="543">
							<width>750</width>
							<height>40</height>
							<font>font13</font>
							<label>- Set Custom Favourite 3</label>
							<label2>[COLOR=selected]$INFO[Skin.String(SFVids3.Label)][/COLOR]</label2>
							<textcolor>grey2</textcolor>
							<focusedcolor>white</focusedcolor>
							<texturefocus>MenuItemFO.png</texturefocus>
							<texturenofocus>MenuItemNF.png</texturenofocus>
							<onclick>RunScript(script.favourites,changetitle=true&amp;property=SFVids3)</onclick>
							<enable>Skin.HasSetting(HomeMenuCFVids3)</enable>
							<visible>Skin.HasSetting(HomeMenuCFVids3)</visible>					
						</control>
						<control type="button" id="643">
							<width>750</width>
							<height>40</height>
							<font>font13</font>
							<label>- Set [COLOR=blue]$INFO[Skin.String(SFVids3.Label)][/COLOR] Icon</label>
							<label2>[COLOR=selected]$INFO[Skin.String(CFVids3Icon)][/COLOR]</label2>
							<textcolor>grey2</textcolor>
							<focusedcolor>white</focusedcolor>
							<texturefocus>MenuItemFO.png</texturefocus>
							<texturenofocus>MenuItemNF.png</texturenofocus>
							<onclick>Skin.SetImage(CFVids3Icon)</onclick>
							<visible>Skin.HasSetting(HomeMenuCFVids3)</visible>
						</control>
						<control type="radiobutton" id="444">
							<description>Enable Custom Favourite 4</description>
							<width>750</width>
							<height>40</height>
							<font>font13</font>
							<textcolor>grey2</textcolor>
							<focusedcolor>white</focusedcolor>
							<label>Enable - Custom Favourite 4</label>
							<onclick>Skin.ToggleSetting(HomeMenuCFVids4)</onclick>
							<selected>Skin.HasSetting(HomeMenuCFVids4)</selected>
							<texturefocus>MenuItemFO.png</texturefocus>
							<texturenofocus>MenuItemNF.png</texturenofocus>
						</control>
						<control type="button" id="544">
							<width>750</width>
							<height>40</height>
							<font>font13</font>
							<label>- Set Custom Favourite 4</label>
							<label2>[COLOR=selected]$INFO[Skin.String(SFVids4.Label)][/COLOR]</label2>
							<textcolor>grey2</textcolor>
							<focusedcolor>white</focusedcolor>
							<texturefocus>MenuItemFO.png</texturefocus>
							<texturenofocus>MenuItemNF.png</texturenofocus>
							<onclick>RunScript(script.favourites,changetitle=true&amp;property=SFVids4)</onclick>
							<enable>Skin.HasSetting(HomeMenuCFVids4)</enable>
							<visible>Skin.HasSetting(HomeMenuCFVids4)</visible>					
						</control>
						<control type="button" id="644">
							<width>750</width>
							<height>40</height>
							<font>font13</font>
							<label>- Set [COLOR=blue]$INFO[Skin.String(SFVids4.Label)][/COLOR] Icon</label>
							<label2>[COLOR=selected]$INFO[Skin.String(CFVids4Icon)][/COLOR]</label2>
							<textcolor>grey2</textcolor>
							<focusedcolor>white</focusedcolor>
							<texturefocus>MenuItemFO.png</texturefocus>
							<texturenofocus>MenuItemNF.png</texturenofocus>
							<onclick>Skin.SetImage(CFVids4Icon)</onclick>
							<visible>Skin.HasSetting(HomeMenuCFVids4)</visible>
						</control>
						<control type="radiobutton" id="445">
							<description>Enable Custom Favourite 5</description>
							<width>750</width>
							<height>40</height>
							<font>font13</font>
							<textcolor>grey2</textcolor>
							<focusedcolor>white</focusedcolor>
							<label>Enable - Custom Favourite 5</label>
							<onclick>Skin.ToggleSetting(HomeMenuCFVids5)</onclick>
							<selected>Skin.HasSetting(HomeMenuCFVids5)</selected>
							<texturefocus>MenuItemFO.png</texturefocus>
							<texturenofocus>MenuItemNF.png</texturenofocus>
						</control>
						<control type="button" id="545">
							<width>750</width>
							<height>40</height>
							<font>font13</font>
							<label>- Set Custom Favourite 5</label>
							<label2>[COLOR=selected]$INFO[Skin.String(SFVids5.Label)][/COLOR]</label2>
							<textcolor>grey2</textcolor>
							<focusedcolor>white</focusedcolor>
							<texturefocus>MenuItemFO.png</texturefocus>
							<texturenofocus>MenuItemNF.png</texturenofocus>
							<onclick>RunScript(script.favourites,changetitle=true&amp;property=SFVids5)</onclick>
							<enable>Skin.HasSetting(HomeMenuCFVids5)</enable>
							<visible>Skin.HasSetting(HomeMenuCFVids5)</visible>					
						</control>
						<control type="button" id="645">
							<width>750</width>
							<height>40</height>
							<font>font13</font>
							<label>- Set [COLOR=blue]$INFO[Skin.String(SFVids5.Label)][/COLOR] Icon</label>
							<label2>[COLOR=selected]$INFO[Skin.String(CFVids5Icon)][/COLOR]</label2>
							<textcolor>grey2</textcolor>
							<focusedcolor>white</focusedcolor>
							<texturefocus>MenuItemFO.png</texturefocus>
							<texturenofocus>MenuItemNF.png</texturenofocus>
							<onclick>Skin.SetImage(CFVids5Icon)</onclick>
							<visible>Skin.HasSetting(HomeMenuCFVids5)</visible>
						</control>
						<control type="radiobutton" id="446">
							<description>Enable Custom Favourite 6</description>
							<width>750</width>
							<height>40</height>
							<font>font13</font>
							<textcolor>grey2</textcolor>
							<focusedcolor>white</focusedcolor>
							<label>Enable - Custom Favourite 6</label>
							<onclick>Skin.ToggleSetting(HomeMenuCFVids6)</onclick>
							<selected>Skin.HasSetting(HomeMenuCFVids6)</selected>
							<texturefocus>MenuItemFO.png</texturefocus>
							<texturenofocus>MenuItemNF.png</texturenofocus>
						</control>
						<control type="button" id="546">
							<width>750</width>
							<height>40</height>
							<font>font13</font>
							<label>- Set Custom Favourite 6</label>
							<label2>[COLOR=selected]$INFO[Skin.String(SFVids6.Label)][/COLOR]</label2>
							<textcolor>grey2</textcolor>
							<focusedcolor>white</focusedcolor>
							<texturefocus>MenuItemFO.png</texturefocus>
							<texturenofocus>MenuItemNF.png</texturenofocus>
							<onclick>RunScript(script.favourites,changetitle=true&amp;property=SFVids6)</onclick>
							<enable>Skin.HasSetting(HomeMenuCFVids6)</enable>
							<visible>Skin.HasSetting(HomeMenuCFVids6)</visible>					
						</control>
						<control type="button" id="646">
							<width>750</width>
							<height>40</height>
							<font>font13</font>
							<label>- Set [COLOR=blue]$INFO[Skin.String(SFVids6.Label)][/COLOR] Icon</label>
							<label2>[COLOR=selected]$INFO[Skin.String(CFVids6Icon)][/COLOR]</label2>
							<textcolor>grey2</textcolor>
							<focusedcolor>white</focusedcolor>
							<texturefocus>MenuItemFO.png</texturefocus>
							<texturenofocus>MenuItemNF.png</texturenofocus>
							<onclick>Skin.SetImage(CFVids6Icon)</onclick>
							<visible>Skin.HasSetting(HomeMenuCFVids6)</visible>
						</control>
						<control type="radiobutton" id="447">
							<description>Enable Custom Favourite 7</description>
							<width>750</width>
							<height>40</height>
							<font>font13</font>
							<textcolor>grey2</textcolor>
							<focusedcolor>white</focusedcolor>
							<label>Enable - Custom Favourite 7</label>
							<onclick>Skin.ToggleSetting(HomeMenuCFVids7)</onclick>
							<selected>Skin.HasSetting(HomeMenuCFVids7)</selected>
							<texturefocus>MenuItemFO.png</texturefocus>
							<texturenofocus>MenuItemNF.png</texturenofocus>
						</control>
						<control type="button" id="547">
							<width>750</width>
							<height>40</height>
							<font>font13</font>
							<label>- Set Custom Favourite 7</label>
							<label2>[COLOR=selected]$INFO[Skin.String(SFVids7.Label)][/COLOR]</label2>
							<textcolor>grey2</textcolor>
							<focusedcolor>white</focusedcolor>
							<texturefocus>MenuItemFO.png</texturefocus>
							<texturenofocus>MenuItemNF.png</texturenofocus>
							<onclick>RunScript(script.favourites,changetitle=true&amp;property=SFVids7)</onclick>
							<enable>Skin.HasSetting(HomeMenuCFVids7)</enable>
							<visible>Skin.HasSetting(HomeMenuCFVids7)</visible>					
						</control>
						<control type="button" id="647">
							<width>750</width>
							<height>40</height>
							<font>font13</font>
							<label>- Set [COLOR=blue]$INFO[Skin.String(SFVids7.Label)][/COLOR] Icon</label>
							<label2>[COLOR=selected]$INFO[Skin.String(CFVids7Icon)][/COLOR]</label2>
							<textcolor>grey2</textcolor>
							<focusedcolor>white</focusedcolor>
							<texturefocus>MenuItemFO.png</texturefocus>
							<texturenofocus>MenuItemNF.png</texturenofocus>
							<onclick>Skin.SetImage(CFVids7Icon)</onclick>
							<visible>Skin.HasSetting(HomeMenuCFVids7)</visible>
						</control>
						<control type="radiobutton" id="448">
							<description>Enable Custom Favourite 8</description>
							<width>750</width>
							<height>40</height>
							<font>font13</font>
							<textcolor>grey2</textcolor>
							<focusedcolor>white</focusedcolor>
							<label>Enable - Custom Favourite 8</label>
							<onclick>Skin.ToggleSetting(HomeMenuCFVids8)</onclick>
							<selected>Skin.HasSetting(HomeMenuCFVids8)</selected>
							<texturefocus>MenuItemFO.png</texturefocus>
							<texturenofocus>MenuItemNF.png</texturenofocus>
						</control>
						<control type="button" id="548">
							<width>750</width>
							<height>40</height>
							<font>font13</font>
							<label>- Set Custom Favourite 8</label>
							<label2>[COLOR=selected]$INFO[Skin.String(SFVids8.Label)][/COLOR]</label2>
							<textcolor>grey2</textcolor>
							<focusedcolor>white</focusedcolor>
							<texturefocus>MenuItemFO.png</texturefocus>
							<texturenofocus>MenuItemNF.png</texturenofocus>
							<onclick>RunScript(script.favourites,changetitle=true&amp;property=SFVids8)</onclick>
							<enable>Skin.HasSetting(HomeMenuCFVids8)</enable>
							<visible>Skin.HasSetting(HomeMenuCFVids8)</visible>					
						</control>
						<control type="button" id="648">
							<width>750</width>
							<height>40</height>
							<font>font13</font>
							<label>- Set [COLOR=blue]$INFO[Skin.String(SFVids8.Label)][/COLOR] Icon</label>
							<label2>[COLOR=selected]$INFO[Skin.String(CFVids8Icon)][/COLOR]</label2>
							<textcolor>grey2</textcolor>
							<focusedcolor>white</focusedcolor>
							<texturefocus>MenuItemFO.png</texturefocus>
							<texturenofocus>MenuItemNF.png</texturenofocus>
							<onclick>Skin.SetImage(CFVids8Icon)</onclick>
							<visible>Skin.HasSetting(HomeMenuCFVids8)</visible>
						</control>
						<control type="radiobutton" id="449">
							<description>Enable Custom Favourite 9</description>
							<width>750</width>
							<height>40</height>
							<font>font13</font>
							<textcolor>grey2</textcolor>
							<focusedcolor>white</focusedcolor>
							<label>Enable - Custom Favourite 9</label>
							<onclick>Skin.ToggleSetting(HomeMenuCFVids9)</onclick>
							<selected>Skin.HasSetting(HomeMenuCFVids9)</selected>
							<texturefocus>MenuItemFO.png</texturefocus>
							<texturenofocus>MenuItemNF.png</texturenofocus>
						</control>
						<control type="button" id="549">
							<width>750</width>
							<height>40</height>
							<font>font13</font>
							<label>- Set Custom Favourite 9</label>
							<label2>[COLOR=selected]$INFO[Skin.String(SFVids9.Label)][/COLOR]</label2>
							<textcolor>grey2</textcolor>
							<focusedcolor>white</focusedcolor>
							<texturefocus>MenuItemFO.png</texturefocus>
							<texturenofocus>MenuItemNF.png</texturenofocus>
							<onclick>RunScript(script.favourites,changetitle=true&amp;property=SFVids9)</onclick>
							<enable>Skin.HasSetting(HomeMenuCFVids9)</enable>
							<visible>Skin.HasSetting(HomeMenuCFVids9)</visible>					
						</control>
						<control type="button" id="649">
							<width>750</width>
							<height>40</height>
							<font>font13</font>
							<label>- Set [COLOR=blue]$INFO[Skin.String(SFVids9.Label)][/COLOR] Icon</label>
							<label2>[COLOR=selected]$INFO[Skin.String(CFVids9Icon)][/COLOR]</label2>
							<textcolor>grey2</textcolor>
							<focusedcolor>white</focusedcolor>
							<texturefocus>MenuItemFO.png</texturefocus>
							<texturenofocus>MenuItemNF.png</texturenofocus>
							<onclick>Skin.SetImage(CFVids9Icon)</onclick>
							<visible>Skin.HasSetting(HomeMenuCFVids9)</visible>
						</control>
						<control type="radiobutton" id="450">
							<description>Enable Custom Favourite 10</description>
							<width>750</width>
							<height>40</height>
							<font>font13</font>
							<textcolor>grey2</textcolor>
							<focusedcolor>white</focusedcolor>
							<label>Enable - Custom Favourite 10</label>
							<onclick>Skin.ToggleSetting(HomeMenuCFVidsVids0)</onclick>
							<selected>Skin.HasSetting(HomeMenuCFVidsVids0)</selected>
							<texturefocus>MenuItemFO.png</texturefocus>
							<texturenofocus>MenuItemNF.png</texturenofocus>
						</control>
						<control type="button" id="550">
							<width>750</width>
							<height>40</height>
							<font>font13</font>
							<label>- Set Custom Favourite 10</label>
							<label2>[COLOR=selected]$INFO[Skin.String(SFVidsVids0.Label)][/COLOR]</label2>
							<textcolor>grey2</textcolor>
							<focusedcolor>white</focusedcolor>
							<texturefocus>MenuItemFO.png</texturefocus>
							<texturenofocus>MenuItemNF.png</texturenofocus>
							<onclick>RunScript(script.favourites,changetitle=true&amp;property=SFVidsVids0)</onclick>
							<enable>Skin.HasSetting(HomeMenuCFVidsVids0)</enable>
							<visible>Skin.HasSetting(HomeMenuCFVidsVids0)</visible>					
						</control>
						<control type="button" id="650">
							<width>750</width>
							<height>40</height>
							<font>font13</font>
							<label>- Set [COLOR=blue]$INFO[Skin.String(SFVidsVids0.Label)][/COLOR] Icon</label>
							<label2>[COLOR=selected]$INFO[Skin.String(CFVidsVids0Icon)][/COLOR]</label2>
							<textcolor>grey2</textcolor>
							<focusedcolor>white</focusedcolor>
							<texturefocus>MenuItemFO.png</texturefocus>
							<texturenofocus>MenuItemNF.png</texturenofocus>
							<onclick>Skin.SetImage(CFVidsVids0Icon)</onclick>
							<visible>Skin.HasSetting(HomeMenuCFVidsVids0)</visible>
						</control>
						<control type="radiobutton" id="451">
							<description>Enable Custom Favourite 11</description>
							<width>750</width>
							<height>40</height>
							<font>font13</font>
							<textcolor>grey2</textcolor>
							<focusedcolor>white</focusedcolor>
							<label>Enable - Custom Favourite 11</label>
							<onclick>Skin.ToggleSetting(HomeMenuCFVidsVids1)</onclick>
							<selected>Skin.HasSetting(HomeMenuCFVidsVids1)</selected>
							<texturefocus>MenuItemFO.png</texturefocus>
							<texturenofocus>MenuItemNF.png</texturenofocus>
						</control>
						<control type="button" id="551">
							<width>750</width>
							<height>40</height>
							<font>font13</font>
							<label>- Set Custom Favourite 11</label>
							<label2>[COLOR=selected]$INFO[Skin.String(SFVidsVids1.Label)][/COLOR]</label2>
							<textcolor>grey2</textcolor>
							<focusedcolor>white</focusedcolor>
							<texturefocus>MenuItemFO.png</texturefocus>
							<texturenofocus>MenuItemNF.png</texturenofocus>
							<onclick>RunScript(script.favourites,changetitle=true&amp;property=SFVidsVids1)</onclick>
							<enable>Skin.HasSetting(HomeMenuCFVidsVids1)</enable>
							<visible>Skin.HasSetting(HomeMenuCFVidsVids1)</visible>					
						</control>
						<control type="button" id="651">
							<width>750</width>
							<height>40</height>
							<font>font13</font>
							<label>- Set [COLOR=blue]$INFO[Skin.String(SFVidsVids1.Label)][/COLOR] Icon</label>
							<label2>[COLOR=selected]$INFO[Skin.String(CFVidsVids1Icon)][/COLOR]</label2>
							<textcolor>grey2</textcolor>
							<focusedcolor>white</focusedcolor>
							<texturefocus>MenuItemFO.png</texturefocus>
							<texturenofocus>MenuItemNF.png</texturenofocus>
							<onclick>Skin.SetImage(CFVidsVids1Icon)</onclick>
							<visible>Skin.HasSetting(HomeMenuCFVidsVids1)</visible>
						</control>
						<control type="radiobutton" id="452">
							<description>Enable Custom Favourite 12</description>
							<width>750</width>
							<height>40</height>
							<font>font13</font>
							<textcolor>grey2</textcolor>
							<focusedcolor>white</focusedcolor>
							<label>Enable - Custom Favourite 12</label>
							<onclick>Skin.ToggleSetting(HomeMenuCFVidsVids2)</onclick>
							<selected>Skin.HasSetting(HomeMenuCFVidsVids2)</selected>
							<texturefocus>MenuItemFO.png</texturefocus>
							<texturenofocus>MenuItemNF.png</texturenofocus>
						</control>
						<control type="button" id="552">
							<width>750</width>
							<height>40</height>
							<font>font13</font>
							<label>- Set Custom Favourite 12</label>
							<label2>[COLOR=selected]$INFO[Skin.String(SFVidsVids2.Label)][/COLOR]</label2>
							<textcolor>grey2</textcolor>
							<focusedcolor>white</focusedcolor>
							<texturefocus>MenuItemFO.png</texturefocus>
							<texturenofocus>MenuItemNF.png</texturenofocus>
							<onclick>RunScript(script.favourites,changetitle=true&amp;property=SFVidsVids2)</onclick>
							<enable>Skin.HasSetting(HomeMenuCFVidsVids2)</enable>
							<visible>Skin.HasSetting(HomeMenuCFVidsVids2)</visible>					
						</control>
						<control type="button" id="652">
							<width>750</width>
							<height>40</height>
							<font>font13</font>
							<label>- Set [COLOR=blue]$INFO[Skin.String(SFVidsVids2.Label)][/COLOR] Icon</label>
							<label2>[COLOR=selected]$INFO[Skin.String(CFVidsVids2Icon)][/COLOR]</label2>
							<textcolor>grey2</textcolor>
							<focusedcolor>white</focusedcolor>
							<texturefocus>MenuItemFO.png</texturefocus>
							<texturenofocus>MenuItemNF.png</texturenofocus>
							<onclick>Skin.SetImage(CFVidsVids2Icon)</onclick>
							<visible>Skin.HasSetting(HomeMenuCFVidsVids2)</visible>
						</control>
						<control type="radiobutton" id="453">
							<description>Enable Custom Favourite 13</description>
							<width>750</width>
							<height>40</height>
							<font>font13</font>
							<textcolor>grey2</textcolor>
							<focusedcolor>white</focusedcolor>
							<label>Enable - Custom Favourite 13</label>
							<onclick>Skin.ToggleSetting(HomeMenuCFVidsVids3)</onclick>
							<selected>Skin.HasSetting(HomeMenuCFVidsVids3)</selected>
							<texturefocus>MenuItemFO.png</texturefocus>
							<texturenofocus>MenuItemNF.png</texturenofocus>
						</control>
						<control type="button" id="553">
							<width>750</width>
							<height>40</height>
							<font>font13</font>
							<label>- Set Custom Favourite 13</label>
							<label2>[COLOR=selected]$INFO[Skin.String(SFVidsVids3.Label)][/COLOR]</label2>
							<textcolor>grey2</textcolor>
							<focusedcolor>white</focusedcolor>
							<texturefocus>MenuItemFO.png</texturefocus>
							<texturenofocus>MenuItemNF.png</texturenofocus>
							<onclick>RunScript(script.favourites,changetitle=true&amp;property=SFVidsVids3)</onclick>
							<enable>Skin.HasSetting(HomeMenuCFVidsVids3)</enable>
							<visible>Skin.HasSetting(HomeMenuCFVidsVids3)</visible>					
						</control>
						<control type="button" id="653">
							<width>750</width>
							<height>40</height>
							<font>font13</font>
							<label>- Set [COLOR=blue]$INFO[Skin.String(SFVidsVids3.Label)][/COLOR] Icon</label>
							<label2>[COLOR=selected]$INFO[Skin.String(CFVidsVids3Icon)][/COLOR]</label2>
							<textcolor>grey2</textcolor>
							<focusedcolor>white</focusedcolor>
							<texturefocus>MenuItemFO.png</texturefocus>
							<texturenofocus>MenuItemNF.png</texturenofocus>
							<onclick>Skin.SetImage(CFVidsVids3Icon)</onclick>
							<visible>Skin.HasSetting(HomeMenuCFVidsVids3)</visible>
						</control>
						<control type="radiobutton" id="454">
							<description>Enable Custom Favourite 14</description>
							<width>750</width>
							<height>40</height>
							<font>font13</font>
							<textcolor>grey2</textcolor>
							<focusedcolor>white</focusedcolor>
							<label>Enable - Custom Favourite 14</label>
							<onclick>Skin.ToggleSetting(HomeMenuCFVidsVids4)</onclick>
							<selected>Skin.HasSetting(HomeMenuCFVidsVids4)</selected>
							<texturefocus>MenuItemFO.png</texturefocus>
							<texturenofocus>MenuItemNF.png</texturenofocus>
						</control>
						<control type="button" id="554">
							<width>750</width>
							<height>40</height>
							<font>font13</font>
							<label>- Set Custom Favourite 14</label>
							<label2>[COLOR=selected]$INFO[Skin.String(SFVidsVids4.Label)][/COLOR]</label2>
							<textcolor>grey2</textcolor>
							<focusedcolor>white</focusedcolor>
							<texturefocus>MenuItemFO.png</texturefocus>
							<texturenofocus>MenuItemNF.png</texturenofocus>
							<onclick>RunScript(script.favourites,changetitle=true&amp;property=SFVidsVids4)</onclick>
							<enable>Skin.HasSetting(HomeMenuCFVidsVids4)</enable>
							<visible>Skin.HasSetting(HomeMenuCFVidsVids4)</visible>					
						</control>
						<control type="button" id="654">
							<width>750</width>
							<height>40</height>
							<font>font13</font>
							<label>- Set [COLOR=blue]$INFO[Skin.String(SFVidsVids4.Label)][/COLOR] Icon</label>
							<label2>[COLOR=selected]$INFO[Skin.String(CFVidsVids4Icon)][/COLOR]</label2>
							<textcolor>grey2</textcolor>
							<focusedcolor>white</focusedcolor>
							<texturefocus>MenuItemFO.png</texturefocus>
							<texturenofocus>MenuItemNF.png</texturenofocus>
							<onclick>Skin.SetImage(CFVidsVids4Icon)</onclick>
							<visible>Skin.HasSetting(HomeMenuCFVidsVids4)</visible>
						</control>
						<control type="radiobutton" id="455">
							<description>Enable Custom Favourite 15</description>
							<width>750</width>
							<height>40</height>
							<font>font13</font>
							<textcolor>grey2</textcolor>
							<focusedcolor>white</focusedcolor>
							<label>Enable - Custom Favourite 15</label>
							<onclick>Skin.ToggleSetting(HomeMenuCFVidsVids5)</onclick>
							<selected>Skin.HasSetting(HomeMenuCFVidsVids5)</selected>
							<texturefocus>MenuItemFO.png</texturefocus>
							<texturenofocus>MenuItemNF.png</texturenofocus>
						</control>
						<control type="button" id="555">
							<width>750</width>
							<height>40</height>
							<font>font13</font>
							<label>- Set Custom Favourite 15</label>
							<label2>[COLOR=selected]$INFO[Skin.String(SFVidsVids5.Label)][/COLOR]</label2>
							<textcolor>grey2</textcolor>
							<focusedcolor>white</focusedcolor>
							<texturefocus>MenuItemFO.png</texturefocus>
							<texturenofocus>MenuItemNF.png</texturenofocus>
							<onclick>RunScript(script.favourites,changetitle=true&amp;property=SFVidsVids5)</onclick>
							<enable>Skin.HasSetting(HomeMenuCFVidsVids5)</enable>
							<visible>Skin.HasSetting(HomeMenuCFVidsVids5)</visible>					
						</control>
						<control type="button" id="655">
							<width>750</width>
							<height>40</height>
							<font>font13</font>
							<label>- Set [COLOR=blue]$INFO[Skin.String(SFVidsVids5.Label)][/COLOR] Icon</label>
							<label2>[COLOR=selected]$INFO[Skin.String(CFVidsVids5Icon)][/COLOR]</label2>
							<textcolor>grey2</textcolor>
							<focusedcolor>white</focusedcolor>
							<texturefocus>MenuItemFO.png</texturefocus>
							<texturenofocus>MenuItemNF.png</texturenofocus>
							<onclick>Skin.SetImage(CFVidsVids5Icon)</onclick>
							<visible>Skin.HasSetting(HomeMenuCFVidsVids5)</visible>
						</control>
						<control type="radiobutton" id="456">
							<description>Enable Custom Favourite 16</description>
							<width>750</width>
							<height>40</height>
							<font>font13</font>
							<textcolor>grey2</textcolor>
							<focusedcolor>white</focusedcolor>
							<label>Enable - Custom Favourite 16</label>
							<onclick>Skin.ToggleSetting(HomeMenuCFVidsVids6)</onclick>
							<selected>Skin.HasSetting(HomeMenuCFVidsVids6)</selected>
							<texturefocus>MenuItemFO.png</texturefocus>
							<texturenofocus>MenuItemNF.png</texturenofocus>
						</control>
						<control type="button" id="556">
							<width>750</width>
							<height>40</height>
							<font>font13</font>
							<label>- Set Custom Favourite 16</label>
							<label2>[COLOR=selected]$INFO[Skin.String(SFVidsVids6.Label)][/COLOR]</label2>
							<textcolor>grey2</textcolor>
							<focusedcolor>white</focusedcolor>
							<texturefocus>MenuItemFO.png</texturefocus>
							<texturenofocus>MenuItemNF.png</texturenofocus>
							<onclick>RunScript(script.favourites,changetitle=true&amp;property=SFVidsVids6)</onclick>
							<enable>Skin.HasSetting(HomeMenuCFVidsVids6)</enable>
							<visible>Skin.HasSetting(HomeMenuCFVidsVids6)</visible>					
						</control>
						<control type="button" id="656">
							<width>750</width>
							<height>40</height>
							<font>font13</font>
							<label>- Set [COLOR=blue]$INFO[Skin.String(SFVidsVids6.Label)][/COLOR] Icon</label>
							<label2>[COLOR=selected]$INFO[Skin.String(CFVidsVids6Icon)][/COLOR]</label2>
							<textcolor>grey2</textcolor>
							<focusedcolor>white</focusedcolor>
							<texturefocus>MenuItemFO.png</texturefocus>
							<texturenofocus>MenuItemNF.png</texturenofocus>
							<onclick>Skin.SetImage(CFVidsVids6Icon)</onclick>
							<visible>Skin.HasSetting(HomeMenuCFVidsVids6)</visible>
						</control>
						<control type="radiobutton" id="457">
							<description>Enable Custom Favourite 17</description>
							<width>750</width>
							<height>40</height>
							<font>font13</font>
							<textcolor>grey2</textcolor>
							<focusedcolor>white</focusedcolor>
							<label>Enable - Custom Favourite 17</label>
							<onclick>Skin.ToggleSetting(HomeMenuCFVidsVids7)</onclick>
							<selected>Skin.HasSetting(HomeMenuCFVidsVids7)</selected>
							<texturefocus>MenuItemFO.png</texturefocus>
							<texturenofocus>MenuItemNF.png</texturenofocus>
						</control>
						<control type="button" id="557">
							<width>750</width>
							<height>40</height>
							<font>font13</font>
							<label>- Set Custom Favourite 17</label>
							<label2>[COLOR=selected]$INFO[Skin.String(SFVidsVids7.Label)][/COLOR]</label2>
							<textcolor>grey2</textcolor>
							<focusedcolor>white</focusedcolor>
							<texturefocus>MenuItemFO.png</texturefocus>
							<texturenofocus>MenuItemNF.png</texturenofocus>
							<onclick>RunScript(script.favourites,changetitle=true&amp;property=SFVidsVids7)</onclick>
							<enable>Skin.HasSetting(HomeMenuCFVidsVids7)</enable>
							<visible>Skin.HasSetting(HomeMenuCFVidsVids7)</visible>					
						</control>
						<control type="button" id="657">
							<width>750</width>
							<height>40</height>
							<font>font13</font>
							<label>- Set [COLOR=blue]$INFO[Skin.String(SFVidsVids7.Label)][/COLOR] Icon</label>
							<label2>[COLOR=selected]$INFO[Skin.String(CFVidsVids7Icon)][/COLOR]</label2>
							<textcolor>grey2</textcolor>
							<focusedcolor>white</focusedcolor>
							<texturefocus>MenuItemFO.png</texturefocus>
							<texturenofocus>MenuItemNF.png</texturenofocus>
							<onclick>Skin.SetImage(CFVidsVids7Icon)</onclick>
							<visible>Skin.HasSetting(HomeMenuCFVidsVids7)</visible>
						</control>
						<control type="radiobutton" id="458">
							<description>Enable Custom Favourite 18</description>
							<width>750</width>
							<height>40</height>
							<font>font13</font>
							<textcolor>grey2</textcolor>
							<focusedcolor>white</focusedcolor>
							<label>Enable - Custom Favourite 18</label>
							<onclick>Skin.ToggleSetting(HomeMenuCFVidsVids8)</onclick>
							<selected>Skin.HasSetting(HomeMenuCFVidsVids8)</selected>
							<texturefocus>MenuItemFO.png</texturefocus>
							<texturenofocus>MenuItemNF.png</texturenofocus>
						</control>
						<control type="button" id="558">
							<width>750</width>
							<height>40</height>
							<font>font13</font>
							<label>- Set Custom Favourite 18</label>
							<label2>[COLOR=selected]$INFO[Skin.String(SFVidsVids8.Label)][/COLOR]</label2>
							<textcolor>grey2</textcolor>
							<focusedcolor>white</focusedcolor>
							<texturefocus>MenuItemFO.png</texturefocus>
							<texturenofocus>MenuItemNF.png</texturenofocus>
							<onclick>RunScript(script.favourites,changetitle=true&amp;property=SFVidsVids8)</onclick>
							<enable>Skin.HasSetting(HomeMenuCFVidsVids8)</enable>
							<visible>Skin.HasSetting(HomeMenuCFVidsVids8)</visible>					
						</control>
						<control type="button" id="658">
							<width>750</width>
							<height>40</height>
							<font>font13</font>
							<label>- Set [COLOR=blue]$INFO[Skin.String(SFVidsVids8.Label)][/COLOR] Icon</label>
							<label2>[COLOR=selected]$INFO[Skin.String(CFVidsVids8Icon)][/COLOR]</label2>
							<textcolor>grey2</textcolor>
							<focusedcolor>white</focusedcolor>
							<texturefocus>MenuItemFO.png</texturefocus>
							<texturenofocus>MenuItemNF.png</texturenofocus>
							<onclick>Skin.SetImage(CFVidsVids8Icon)</onclick>
							<visible>Skin.HasSetting(HomeMenuCFVidsVids8)</visible>
						</control>
						<control type="radiobutton" id="459">
							<description>Enable Custom Favourite 19</description>
							<width>750</width>
							<height>40</height>
							<font>font13</font>
							<textcolor>grey2</textcolor>
							<focusedcolor>white</focusedcolor>
							<label>Enable - Custom Favourite 19</label>
							<onclick>Skin.ToggleSetting(HomeMenuCFVidsVids9)</onclick>
							<selected>Skin.HasSetting(HomeMenuCFVidsVids9)</selected>
							<texturefocus>MenuItemFO.png</texturefocus>
							<texturenofocus>MenuItemNF.png</texturenofocus>
						</control>
						<control type="button" id="559">
							<width>750</width>
							<height>40</height>
							<font>font13</font>
							<label>- Set Custom Favourite 19</label>
							<label2>[COLOR=selected]$INFO[Skin.String(SFVidsVids9.Label)][/COLOR]</label2>
							<textcolor>grey2</textcolor>
							<focusedcolor>white</focusedcolor>
							<texturefocus>MenuItemFO.png</texturefocus>
							<texturenofocus>MenuItemNF.png</texturenofocus>
							<onclick>RunScript(script.favourites,changetitle=true&amp;property=SFVidsVids9)</onclick>
							<enable>Skin.HasSetting(HomeMenuCFVidsVids9)</enable>
							<visible>Skin.HasSetting(HomeMenuCFVidsVids9)</visible>					
						</control>
						<control type="button" id="659">
							<width>750</width>
							<height>40</height>
							<font>font13</font>
							<label>- Set [COLOR=blue]$INFO[Skin.String(SFVidsVids9.Label)][/COLOR] Icon</label>
							<label2>[COLOR=selected]$INFO[Skin.String(CFVidsVids9Icon)][/COLOR]</label2>
							<textcolor>grey2</textcolor>
							<focusedcolor>white</focusedcolor>
							<texturefocus>MenuItemFO.png</texturefocus>
							<texturenofocus>MenuItemNF.png</texturenofocus>
							<onclick>Skin.SetImage(CFVidsVids9Icon)</onclick>
							<visible>Skin.HasSetting(HomeMenuCFVidsVids9)</visible>
						</control>
						<control type="radiobutton" id="460">
							<description>Enable Custom Favourite 20</description>
							<width>750</width>
							<height>40</height>
							<font>font13</font>
							<textcolor>grey2</textcolor>
							<focusedcolor>white</focusedcolor>
							<label>Enable - Custom Favourite 20</label>
							<onclick>Skin.ToggleSetting(HomeMenuCFVids20)</onclick>
							<selected>Skin.HasSetting(HomeMenuCFVids20)</selected>
							<texturefocus>MenuItemFO.png</texturefocus>
							<texturenofocus>MenuItemNF.png</texturenofocus>
						</control>
						<control type="button" id="560">
							<width>750</width>
							<height>40</height>
							<font>font13</font>
							<label>- Set Custom Favourite 20</label>
							<label2>[COLOR=selected]$INFO[Skin.String(SFVids20.Label)][/COLOR]</label2>
							<textcolor>grey2</textcolor>
							<focusedcolor>white</focusedcolor>
							<texturefocus>MenuItemFO.png</texturefocus>
							<texturenofocus>MenuItemNF.png</texturenofocus>
							<onclick>RunScript(script.favourites,changetitle=true&amp;property=SFVids20)</onclick>
							<enable>Skin.HasSetting(HomeMenuCFVids20)</enable>
							<visible>Skin.HasSetting(HomeMenuCFVids20)</visible>					
						</control>
						<control type="button" id="660">
							<width>750</width>
							<height>40</height>
							<font>font13</font>
							<label>- Set [COLOR=blue]$INFO[Skin.String(SFVids20.Label)][/COLOR] Icon</label>
							<label2>[COLOR=selected]$INFO[Skin.String(CFVids20Icon)][/COLOR]</label2>
							<textcolor>grey2</textcolor>
							<focusedcolor>white</focusedcolor>
							<texturefocus>MenuItemFO.png</texturefocus>
							<texturenofocus>MenuItemNF.png</texturenofocus>
							<onclick>Skin.SetImage(CFVids20Icon)</onclick>
							<visible>Skin.HasSetting(HomeMenuCFVids20)</visible>
						</control>
					</control>
				</control>
		<include>CommonNowPlaying</include>
		<include>MainWindowMouseButtons</include>
		<include>BehindDialogFadeOut</include>
		<include condition="!Skin.HasSetting(EnableClock)">Clock</include>
	</controls>
</window>
