<?xml version="1.0" encoding="UTF-8"?>
<window id="1133" type="window">
	<defaultcontrol always="true">9000</defaultcontrol>
	<controls>
		<control type="label">
			<left>240</left>
			<top>10</top>
			<width>680</width>
			<height>60</height>
			<font>font35_title</font>
			<textcolor>blue</textcolor>
			<align>left</align>
			<aligny>center</aligny>
			<label>TV Show Shortcuts</label>
		</control>
		<control type="textbox">
			<left>240</left>
			<top>60</top>
			<width>680</width>
			<height>250</height>
			<font>font14</font>
			<textcolor>white</textcolor>
			<align>left</align>
			<label>To add shortcuts you will first need to add the relevant content to your favourites. The best method is to add as a Super Favourite first and then add that SF as a XBMC/Kodi favourite. This will ensure the item loads correctly</label>
		</control>
				<control type="group">
					<control type="grouplist" id="9000">
						<left>240</left>
						<top>200</top>
						<width>750</width>
						<height>430</height>
						<itemgap>-1</itemgap>
						<pagecontrol>61</pagecontrol>
						<onleft>9000</onleft>
						<onright>61</onright>
						<onup>9000</onup>
						<ondown>9000</ondown>
<!--Videos shortcuts-->
						<control type="radiobutton" id="441">
							<description>Enable Custom Favourite 1</description>
							<width>750</width>
							<height>40</height>
							<font>font13</font>
							<textcolor>grey2</textcolor>
							<focusedcolor>white</focusedcolor>
							<label>Enable - Custom Favourite 1</label>
							<onclick>Skin.ToggleSetting(HomeMenuCFTVShows)</onclick>
							<selected>Skin.HasSetting(HomeMenuCFTVShows)</selected>
							<texturefocus>MenuItemFO.png</texturefocus>
							<texturenofocus>MenuItemNF.png</texturenofocus>
						</control>
						<control type="button" id="541">
							<width>750</width>
							<height>40</height>
							<font>font13</font>
							<label>- Set Custom Favourite 1</label>
							<label2>[COLOR=selected]$INFO[Skin.String(SFTVShows.Label)][/COLOR]</label2>
							<textcolor>grey2</textcolor>
							<focusedcolor>white</focusedcolor>
							<texturefocus>MenuItemFO.png</texturefocus>
							<texturenofocus>MenuItemNF.png</texturenofocus>
							<onclick>RunScript(script.favourites,changetitle=true&amp;property=SFTVShows)</onclick>
							<enable>Skin.HasSetting(HomeMenuCFTVShows)</enable>
							<visible>Skin.HasSetting(HomeMenuCFTVShows)</visible>					
						</control>
						<control type="button" id="641">
							<width>750</width>
							<height>40</height>
							<font>font13</font>
							<label>- Set [COLOR=blue]$INFO[Skin.String(SFTVShows.Label)][/COLOR] Icon</label>
							<label2>[COLOR=selected]$INFO[Skin.String(CFTVShowsIcon)][/COLOR]</label2>
							<textcolor>grey2</textcolor>
							<focusedcolor>white</focusedcolor>
							<texturefocus>MenuItemFO.png</texturefocus>
							<texturenofocus>MenuItemNF.png</texturenofocus>
							<onclick>Skin.SetImage(CFTVShowsIcon)</onclick>
							<visible>Skin.HasSetting(HomeMenuCFTVShows)</visible>
						</control>
						<control type="radiobutton" id="442">
							<description>Enable Custom Favourite 2</description>
							<width>750</width>
							<height>40</height>
							<font>font13</font>
							<textcolor>grey2</textcolor>
							<focusedcolor>white</focusedcolor>
							<label>Enable - Custom Favourite 2</label>
							<onclick>Skin.ToggleSetting(HomeMenuCF2)</onclick>
							<selected>Skin.HasSetting(HomeMenuCF2)</selected>
							<texturefocus>MenuItemFO.png</texturefocus>
							<texturenofocus>MenuItemNF.png</texturenofocus>
						</control>
						<control type="button" id="542">
							<width>750</width>
							<height>40</height>
							<font>font13</font>
							<label>- Set Custom Favourite 2</label>
							<label2>[COLOR=selected]$INFO[Skin.String(SF2.Label)][/COLOR]</label2>
							<textcolor>grey2</textcolor>
							<focusedcolor>white</focusedcolor>
							<texturefocus>MenuItemFO.png</texturefocus>
							<texturenofocus>MenuItemNF.png</texturenofocus>
							<onclick>RunScript(script.favourites,changetitle=true&amp;property=SF2)</onclick>
							<enable>Skin.HasSetting(HomeMenuCF2)</enable>
							<visible>Skin.HasSetting(HomeMenuCF2)</visible>					
						</control>
						<control type="button" id="642">
							<width>750</width>
							<height>40</height>
							<font>font13</font>
							<label>- Set [COLOR=blue]$INFO[Skin.String(SF2.Label)][/COLOR] Icon</label>
							<label2>[COLOR=selected]$INFO[Skin.String(CF2Icon)][/COLOR]</label2>
							<textcolor>grey2</textcolor>
							<focusedcolor>white</focusedcolor>
							<texturefocus>MenuItemFO.png</texturefocus>
							<texturenofocus>MenuItemNF.png</texturenofocus>
							<onclick>Skin.SetImage(CF2Icon)</onclick>
							<visible>Skin.HasSetting(HomeMenuCF2)</visible>
						</control>
						<control type="radiobutton" id="443">
							<description>Enable Custom Favourite 3</description>
							<width>750</width>
							<height>40</height>
							<font>font13</font>
							<textcolor>grey2</textcolor>
							<focusedcolor>white</focusedcolor>
							<label>Enable - Custom Favourite 3</label>
							<onclick>Skin.ToggleSetting(HomeMenuCF3)</onclick>
							<selected>Skin.HasSetting(HomeMenuCF3)</selected>
							<texturefocus>MenuItemFO.png</texturefocus>
							<texturenofocus>MenuItemNF.png</texturenofocus>
						</control>
						<control type="button" id="543">
							<width>750</width>
							<height>40</height>
							<font>font13</font>
							<label>- Set Custom Favourite 3</label>
							<label2>[COLOR=selected]$INFO[Skin.String(SF3.Label)][/COLOR]</label2>
							<textcolor>grey2</textcolor>
							<focusedcolor>white</focusedcolor>
							<texturefocus>MenuItemFO.png</texturefocus>
							<texturenofocus>MenuItemNF.png</texturenofocus>
							<onclick>RunScript(script.favourites,changetitle=true&amp;property=SF3)</onclick>
							<enable>Skin.HasSetting(HomeMenuCF3)</enable>
							<visible>Skin.HasSetting(HomeMenuCF3)</visible>					
						</control>
						<control type="button" id="643">
							<width>750</width>
							<height>40</height>
							<font>font13</font>
							<label>- Set [COLOR=blue]$INFO[Skin.String(SF3.Label)][/COLOR] Icon</label>
							<label2>[COLOR=selected]$INFO[Skin.String(CF3Icon)][/COLOR]</label2>
							<textcolor>grey2</textcolor>
							<focusedcolor>white</focusedcolor>
							<texturefocus>MenuItemFO.png</texturefocus>
							<texturenofocus>MenuItemNF.png</texturenofocus>
							<onclick>Skin.SetImage(CF3Icon)</onclick>
							<visible>Skin.HasSetting(HomeMenuCF3)</visible>
						</control>
						<control type="radiobutton" id="444">
							<description>Enable Custom Favourite 4</description>
							<width>750</width>
							<height>40</height>
							<font>font13</font>
							<textcolor>grey2</textcolor>
							<focusedcolor>white</focusedcolor>
							<label>Enable - Custom Favourite 4</label>
							<onclick>Skin.ToggleSetting(HomeMenuCF4)</onclick>
							<selected>Skin.HasSetting(HomeMenuCF4)</selected>
							<texturefocus>MenuItemFO.png</texturefocus>
							<texturenofocus>MenuItemNF.png</texturenofocus>
						</control>
						<control type="button" id="544">
							<width>750</width>
							<height>40</height>
							<font>font13</font>
							<label>- Set Custom Favourite 4</label>
							<label2>[COLOR=selected]$INFO[Skin.String(SF4.Label)][/COLOR]</label2>
							<textcolor>grey2</textcolor>
							<focusedcolor>white</focusedcolor>
							<texturefocus>MenuItemFO.png</texturefocus>
							<texturenofocus>MenuItemNF.png</texturenofocus>
							<onclick>RunScript(script.favourites,changetitle=true&amp;property=SF4)</onclick>
							<enable>Skin.HasSetting(HomeMenuCF4)</enable>
							<visible>Skin.HasSetting(HomeMenuCF4)</visible>					
						</control>
						<control type="button" id="644">
							<width>750</width>
							<height>40</height>
							<font>font13</font>
							<label>- Set [COLOR=blue]$INFO[Skin.String(SF4.Label)][/COLOR] Icon</label>
							<label2>[COLOR=selected]$INFO[Skin.String(CF4Icon)][/COLOR]</label2>
							<textcolor>grey2</textcolor>
							<focusedcolor>white</focusedcolor>
							<texturefocus>MenuItemFO.png</texturefocus>
							<texturenofocus>MenuItemNF.png</texturenofocus>
							<onclick>Skin.SetImage(CF4Icon)</onclick>
							<visible>Skin.HasSetting(HomeMenuCF4)</visible>
						</control>
						<control type="radiobutton" id="445">
							<description>Enable Custom Favourite 5</description>
							<width>750</width>
							<height>40</height>
							<font>font13</font>
							<textcolor>grey2</textcolor>
							<focusedcolor>white</focusedcolor>
							<label>Enable - Custom Favourite 5</label>
							<onclick>Skin.ToggleSetting(HomeMenuCF5)</onclick>
							<selected>Skin.HasSetting(HomeMenuCF5)</selected>
							<texturefocus>MenuItemFO.png</texturefocus>
							<texturenofocus>MenuItemNF.png</texturenofocus>
						</control>
						<control type="button" id="545">
							<width>750</width>
							<height>40</height>
							<font>font13</font>
							<label>- Set Custom Favourite 5</label>
							<label2>[COLOR=selected]$INFO[Skin.String(SF5.Label)][/COLOR]</label2>
							<textcolor>grey2</textcolor>
							<focusedcolor>white</focusedcolor>
							<texturefocus>MenuItemFO.png</texturefocus>
							<texturenofocus>MenuItemNF.png</texturenofocus>
							<onclick>RunScript(script.favourites,changetitle=true&amp;property=SF5)</onclick>
							<enable>Skin.HasSetting(HomeMenuCF5)</enable>
							<visible>Skin.HasSetting(HomeMenuCF5)</visible>					
						</control>
						<control type="button" id="645">
							<width>750</width>
							<height>40</height>
							<font>font13</font>
							<label>- Set [COLOR=blue]$INFO[Skin.String(SF5.Label)][/COLOR] Icon</label>
							<label2>[COLOR=selected]$INFO[Skin.String(CF5Icon)][/COLOR]</label2>
							<textcolor>grey2</textcolor>
							<focusedcolor>white</focusedcolor>
							<texturefocus>MenuItemFO.png</texturefocus>
							<texturenofocus>MenuItemNF.png</texturenofocus>
							<onclick>Skin.SetImage(CF5Icon)</onclick>
							<visible>Skin.HasSetting(HomeMenuCF5)</visible>
						</control>
						<control type="radiobutton" id="446">
							<description>Enable Custom Favourite 6</description>
							<width>750</width>
							<height>40</height>
							<font>font13</font>
							<textcolor>grey2</textcolor>
							<focusedcolor>white</focusedcolor>
							<label>Enable - Custom Favourite 6</label>
							<onclick>Skin.ToggleSetting(HomeMenuCF6)</onclick>
							<selected>Skin.HasSetting(HomeMenuCF6)</selected>
							<texturefocus>MenuItemFO.png</texturefocus>
							<texturenofocus>MenuItemNF.png</texturenofocus>
						</control>
						<control type="button" id="546">
							<width>750</width>
							<height>40</height>
							<font>font13</font>
							<label>- Set Custom Favourite 6</label>
							<label2>[COLOR=selected]$INFO[Skin.String(SF6.Label)][/COLOR]</label2>
							<textcolor>grey2</textcolor>
							<focusedcolor>white</focusedcolor>
							<texturefocus>MenuItemFO.png</texturefocus>
							<texturenofocus>MenuItemNF.png</texturenofocus>
							<onclick>RunScript(script.favourites,changetitle=true&amp;property=SF6)</onclick>
							<enable>Skin.HasSetting(HomeMenuCF6)</enable>
							<visible>Skin.HasSetting(HomeMenuCF6)</visible>					
						</control>
						<control type="button" id="646">
							<width>750</width>
							<height>40</height>
							<font>font13</font>
							<label>- Set [COLOR=blue]$INFO[Skin.String(SF6.Label)][/COLOR] Icon</label>
							<label2>[COLOR=selected]$INFO[Skin.String(CF6Icon)][/COLOR]</label2>
							<textcolor>grey2</textcolor>
							<focusedcolor>white</focusedcolor>
							<texturefocus>MenuItemFO.png</texturefocus>
							<texturenofocus>MenuItemNF.png</texturenofocus>
							<onclick>Skin.SetImage(CF6Icon)</onclick>
							<visible>Skin.HasSetting(HomeMenuCF6)</visible>
						</control>
						<control type="radiobutton" id="447">
							<description>Enable Custom Favourite 7</description>
							<width>750</width>
							<height>40</height>
							<font>font13</font>
							<textcolor>grey2</textcolor>
							<focusedcolor>white</focusedcolor>
							<label>Enable - Custom Favourite 7</label>
							<onclick>Skin.ToggleSetting(HomeMenuCF7)</onclick>
							<selected>Skin.HasSetting(HomeMenuCF7)</selected>
							<texturefocus>MenuItemFO.png</texturefocus>
							<texturenofocus>MenuItemNF.png</texturenofocus>
						</control>
						<control type="button" id="547">
							<width>750</width>
							<height>40</height>
							<font>font13</font>
							<label>- Set Custom Favourite 7</label>
							<label2>[COLOR=selected]$INFO[Skin.String(SF7.Label)][/COLOR]</label2>
							<textcolor>grey2</textcolor>
							<focusedcolor>white</focusedcolor>
							<texturefocus>MenuItemFO.png</texturefocus>
							<texturenofocus>MenuItemNF.png</texturenofocus>
							<onclick>RunScript(script.favourites,changetitle=true&amp;property=SF7)</onclick>
							<enable>Skin.HasSetting(HomeMenuCF7)</enable>
							<visible>Skin.HasSetting(HomeMenuCF7)</visible>					
						</control>
						<control type="button" id="647">
							<width>750</width>
							<height>40</height>
							<font>font13</font>
							<label>- Set [COLOR=blue]$INFO[Skin.String(SF7.Label)][/COLOR] Icon</label>
							<label2>[COLOR=selected]$INFO[Skin.String(CF7Icon)][/COLOR]</label2>
							<textcolor>grey2</textcolor>
							<focusedcolor>white</focusedcolor>
							<texturefocus>MenuItemFO.png</texturefocus>
							<texturenofocus>MenuItemNF.png</texturenofocus>
							<onclick>Skin.SetImage(CF7Icon)</onclick>
							<visible>Skin.HasSetting(HomeMenuCF7)</visible>
						</control>
						<control type="radiobutton" id="448">
							<description>Enable Custom Favourite 8</description>
							<width>750</width>
							<height>40</height>
							<font>font13</font>
							<textcolor>grey2</textcolor>
							<focusedcolor>white</focusedcolor>
							<label>Enable - Custom Favourite 8</label>
							<onclick>Skin.ToggleSetting(HomeMenuCF8)</onclick>
							<selected>Skin.HasSetting(HomeMenuCF8)</selected>
							<texturefocus>MenuItemFO.png</texturefocus>
							<texturenofocus>MenuItemNF.png</texturenofocus>
						</control>
						<control type="button" id="548">
							<width>750</width>
							<height>40</height>
							<font>font13</font>
							<label>- Set Custom Favourite 8</label>
							<label2>[COLOR=selected]$INFO[Skin.String(SF8.Label)][/COLOR]</label2>
							<textcolor>grey2</textcolor>
							<focusedcolor>white</focusedcolor>
							<texturefocus>MenuItemFO.png</texturefocus>
							<texturenofocus>MenuItemNF.png</texturenofocus>
							<onclick>RunScript(script.favourites,changetitle=true&amp;property=SF8)</onclick>
							<enable>Skin.HasSetting(HomeMenuCF8)</enable>
							<visible>Skin.HasSetting(HomeMenuCF8)</visible>					
						</control>
						<control type="button" id="648">
							<width>750</width>
							<height>40</height>
							<font>font13</font>
							<label>- Set [COLOR=blue]$INFO[Skin.String(SF8.Label)][/COLOR] Icon</label>
							<label2>[COLOR=selected]$INFO[Skin.String(CF8Icon)][/COLOR]</label2>
							<textcolor>grey2</textcolor>
							<focusedcolor>white</focusedcolor>
							<texturefocus>MenuItemFO.png</texturefocus>
							<texturenofocus>MenuItemNF.png</texturenofocus>
							<onclick>Skin.SetImage(CF8Icon)</onclick>
							<visible>Skin.HasSetting(HomeMenuCF8)</visible>
						</control>
						<control type="radiobutton" id="449">
							<description>Enable Custom Favourite 9</description>
							<width>750</width>
							<height>40</height>
							<font>font13</font>
							<textcolor>grey2</textcolor>
							<focusedcolor>white</focusedcolor>
							<label>Enable - Custom Favourite 9</label>
							<onclick>Skin.ToggleSetting(HomeMenuCF9)</onclick>
							<selected>Skin.HasSetting(HomeMenuCF9)</selected>
							<texturefocus>MenuItemFO.png</texturefocus>
							<texturenofocus>MenuItemNF.png</texturenofocus>
						</control>
						<control type="button" id="549">
							<width>750</width>
							<height>40</height>
							<font>font13</font>
							<label>- Set Custom Favourite 9</label>
							<label2>[COLOR=selected]$INFO[Skin.String(SF9.Label)][/COLOR]</label2>
							<textcolor>grey2</textcolor>
							<focusedcolor>white</focusedcolor>
							<texturefocus>MenuItemFO.png</texturefocus>
							<texturenofocus>MenuItemNF.png</texturenofocus>
							<onclick>RunScript(script.favourites,changetitle=true&amp;property=SF9)</onclick>
							<enable>Skin.HasSetting(HomeMenuCF9)</enable>
							<visible>Skin.HasSetting(HomeMenuCF9)</visible>					
						</control>
						<control type="button" id="649">
							<width>750</width>
							<height>40</height>
							<font>font13</font>
							<label>- Set [COLOR=blue]$INFO[Skin.String(SF9.Label)][/COLOR] Icon</label>
							<label2>[COLOR=selected]$INFO[Skin.String(CF9Icon)][/COLOR]</label2>
							<textcolor>grey2</textcolor>
							<focusedcolor>white</focusedcolor>
							<texturefocus>MenuItemFO.png</texturefocus>
							<texturenofocus>MenuItemNF.png</texturenofocus>
							<onclick>Skin.SetImage(CF9Icon)</onclick>
							<visible>Skin.HasSetting(HomeMenuCF9)</visible>
						</control>
						<control type="radiobutton" id="450">
							<description>Enable Custom Favourite 10</description>
							<width>750</width>
							<height>40</height>
							<font>font13</font>
							<textcolor>grey2</textcolor>
							<focusedcolor>white</focusedcolor>
							<label>Enable - Custom Favourite 10</label>
							<onclick>Skin.ToggleSetting(HomeMenuCFTVShows0)</onclick>
							<selected>Skin.HasSetting(HomeMenuCFTVShows0)</selected>
							<texturefocus>MenuItemFO.png</texturefocus>
							<texturenofocus>MenuItemNF.png</texturenofocus>
						</control>
						<control type="button" id="550">
							<width>750</width>
							<height>40</height>
							<font>font13</font>
							<label>- Set Custom Favourite 10</label>
							<label2>[COLOR=selected]$INFO[Skin.String(SFTVShows0.Label)][/COLOR]</label2>
							<textcolor>grey2</textcolor>
							<focusedcolor>white</focusedcolor>
							<texturefocus>MenuItemFO.png</texturefocus>
							<texturenofocus>MenuItemNF.png</texturenofocus>
							<onclick>RunScript(script.favourites,changetitle=true&amp;property=SFTVShows0)</onclick>
							<enable>Skin.HasSetting(HomeMenuCFTVShows0)</enable>
							<visible>Skin.HasSetting(HomeMenuCFTVShows0)</visible>					
						</control>
						<control type="button" id="650">
							<width>750</width>
							<height>40</height>
							<font>font13</font>
							<label>- Set [COLOR=blue]$INFO[Skin.String(SFTVShows0.Label)][/COLOR] Icon</label>
							<label2>[COLOR=selected]$INFO[Skin.String(CFTVShows0Icon)][/COLOR]</label2>
							<textcolor>grey2</textcolor>
							<focusedcolor>white</focusedcolor>
							<texturefocus>MenuItemFO.png</texturefocus>
							<texturenofocus>MenuItemNF.png</texturenofocus>
							<onclick>Skin.SetImage(CFTVShows0Icon)</onclick>
							<visible>Skin.HasSetting(HomeMenuCFTVShows0)</visible>
						</control>
						<control type="radiobutton" id="451">
							<description>Enable Custom Favourite 11</description>
							<width>750</width>
							<height>40</height>
							<font>font13</font>
							<textcolor>grey2</textcolor>
							<focusedcolor>white</focusedcolor>
							<label>Enable - Custom Favourite 11</label>
							<onclick>Skin.ToggleSetting(HomeMenuCFTVShows1)</onclick>
							<selected>Skin.HasSetting(HomeMenuCFTVShows1)</selected>
							<texturefocus>MenuItemFO.png</texturefocus>
							<texturenofocus>MenuItemNF.png</texturenofocus>
						</control>
						<control type="button" id="551">
							<width>750</width>
							<height>40</height>
							<font>font13</font>
							<label>- Set Custom Favourite 11</label>
							<label2>[COLOR=selected]$INFO[Skin.String(SFTVShows1.Label)][/COLOR]</label2>
							<textcolor>grey2</textcolor>
							<focusedcolor>white</focusedcolor>
							<texturefocus>MenuItemFO.png</texturefocus>
							<texturenofocus>MenuItemNF.png</texturenofocus>
							<onclick>RunScript(script.favourites,changetitle=true&amp;property=SFTVShows1)</onclick>
							<enable>Skin.HasSetting(HomeMenuCFTVShows1)</enable>
							<visible>Skin.HasSetting(HomeMenuCFTVShows1)</visible>					
						</control>
						<control type="button" id="651">
							<width>750</width>
							<height>40</height>
							<font>font13</font>
							<label>- Set [COLOR=blue]$INFO[Skin.String(SFTVShows1.Label)][/COLOR] Icon</label>
							<label2>[COLOR=selected]$INFO[Skin.String(CFTVShows1Icon)][/COLOR]</label2>
							<textcolor>grey2</textcolor>
							<focusedcolor>white</focusedcolor>
							<texturefocus>MenuItemFO.png</texturefocus>
							<texturenofocus>MenuItemNF.png</texturenofocus>
							<onclick>Skin.SetImage(CFTVShows1Icon)</onclick>
							<visible>Skin.HasSetting(HomeMenuCFTVShows1)</visible>
						</control>
						<control type="radiobutton" id="452">
							<description>Enable Custom Favourite 12</description>
							<width>750</width>
							<height>40</height>
							<font>font13</font>
							<textcolor>grey2</textcolor>
							<focusedcolor>white</focusedcolor>
							<label>Enable - Custom Favourite 12</label>
							<onclick>Skin.ToggleSetting(HomeMenuCFTVShows2)</onclick>
							<selected>Skin.HasSetting(HomeMenuCFTVShows2)</selected>
							<texturefocus>MenuItemFO.png</texturefocus>
							<texturenofocus>MenuItemNF.png</texturenofocus>
						</control>
						<control type="button" id="552">
							<width>750</width>
							<height>40</height>
							<font>font13</font>
							<label>- Set Custom Favourite 12</label>
							<label2>[COLOR=selected]$INFO[Skin.String(SFTVShows2.Label)][/COLOR]</label2>
							<textcolor>grey2</textcolor>
							<focusedcolor>white</focusedcolor>
							<texturefocus>MenuItemFO.png</texturefocus>
							<texturenofocus>MenuItemNF.png</texturenofocus>
							<onclick>RunScript(script.favourites,changetitle=true&amp;property=SFTVShows2)</onclick>
							<enable>Skin.HasSetting(HomeMenuCFTVShows2)</enable>
							<visible>Skin.HasSetting(HomeMenuCFTVShows2)</visible>					
						</control>
						<control type="button" id="652">
							<width>750</width>
							<height>40</height>
							<font>font13</font>
							<label>- Set [COLOR=blue]$INFO[Skin.String(SFTVShows2.Label)][/COLOR] Icon</label>
							<label2>[COLOR=selected]$INFO[Skin.String(CFTVShows2Icon)][/COLOR]</label2>
							<textcolor>grey2</textcolor>
							<focusedcolor>white</focusedcolor>
							<texturefocus>MenuItemFO.png</texturefocus>
							<texturenofocus>MenuItemNF.png</texturenofocus>
							<onclick>Skin.SetImage(CFTVShows2Icon)</onclick>
							<visible>Skin.HasSetting(HomeMenuCFTVShows2)</visible>
						</control>
						<control type="radiobutton" id="453">
							<description>Enable Custom Favourite 13</description>
							<width>750</width>
							<height>40</height>
							<font>font13</font>
							<textcolor>grey2</textcolor>
							<focusedcolor>white</focusedcolor>
							<label>Enable - Custom Favourite 13</label>
							<onclick>Skin.ToggleSetting(HomeMenuCFTVShows3)</onclick>
							<selected>Skin.HasSetting(HomeMenuCFTVShows3)</selected>
							<texturefocus>MenuItemFO.png</texturefocus>
							<texturenofocus>MenuItemNF.png</texturenofocus>
						</control>
						<control type="button" id="553">
							<width>750</width>
							<height>40</height>
							<font>font13</font>
							<label>- Set Custom Favourite 13</label>
							<label2>[COLOR=selected]$INFO[Skin.String(SFTVShows3.Label)][/COLOR]</label2>
							<textcolor>grey2</textcolor>
							<focusedcolor>white</focusedcolor>
							<texturefocus>MenuItemFO.png</texturefocus>
							<texturenofocus>MenuItemNF.png</texturenofocus>
							<onclick>RunScript(script.favourites,changetitle=true&amp;property=SFTVShows3)</onclick>
							<enable>Skin.HasSetting(HomeMenuCFTVShows3)</enable>
							<visible>Skin.HasSetting(HomeMenuCFTVShows3)</visible>					
						</control>
						<control type="button" id="653">
							<width>750</width>
							<height>40</height>
							<font>font13</font>
							<label>- Set [COLOR=blue]$INFO[Skin.String(SFTVShows3.Label)][/COLOR] Icon</label>
							<label2>[COLOR=selected]$INFO[Skin.String(CFTVShows3Icon)][/COLOR]</label2>
							<textcolor>grey2</textcolor>
							<focusedcolor>white</focusedcolor>
							<texturefocus>MenuItemFO.png</texturefocus>
							<texturenofocus>MenuItemNF.png</texturenofocus>
							<onclick>Skin.SetImage(CFTVShows3Icon)</onclick>
							<visible>Skin.HasSetting(HomeMenuCFTVShows3)</visible>
						</control>
						<control type="radiobutton" id="454">
							<description>Enable Custom Favourite 14</description>
							<width>750</width>
							<height>40</height>
							<font>font13</font>
							<textcolor>grey2</textcolor>
							<focusedcolor>white</focusedcolor>
							<label>Enable - Custom Favourite 14</label>
							<onclick>Skin.ToggleSetting(HomeMenuCFTVShows4)</onclick>
							<selected>Skin.HasSetting(HomeMenuCFTVShows4)</selected>
							<texturefocus>MenuItemFO.png</texturefocus>
							<texturenofocus>MenuItemNF.png</texturenofocus>
						</control>
						<control type="button" id="554">
							<width>750</width>
							<height>40</height>
							<font>font13</font>
							<label>- Set Custom Favourite 14</label>
							<label2>[COLOR=selected]$INFO[Skin.String(SFTVShows4.Label)][/COLOR]</label2>
							<textcolor>grey2</textcolor>
							<focusedcolor>white</focusedcolor>
							<texturefocus>MenuItemFO.png</texturefocus>
							<texturenofocus>MenuItemNF.png</texturenofocus>
							<onclick>RunScript(script.favourites,changetitle=true&amp;property=SFTVShows4)</onclick>
							<enable>Skin.HasSetting(HomeMenuCFTVShows4)</enable>
							<visible>Skin.HasSetting(HomeMenuCFTVShows4)</visible>					
						</control>
						<control type="button" id="654">
							<width>750</width>
							<height>40</height>
							<font>font13</font>
							<label>- Set [COLOR=blue]$INFO[Skin.String(SFTVShows4.Label)][/COLOR] Icon</label>
							<label2>[COLOR=selected]$INFO[Skin.String(CFTVShows4Icon)][/COLOR]</label2>
							<textcolor>grey2</textcolor>
							<focusedcolor>white</focusedcolor>
							<texturefocus>MenuItemFO.png</texturefocus>
							<texturenofocus>MenuItemNF.png</texturenofocus>
							<onclick>Skin.SetImage(CFTVShows4Icon)</onclick>
							<visible>Skin.HasSetting(HomeMenuCFTVShows4)</visible>
						</control>
						<control type="radiobutton" id="455">
							<description>Enable Custom Favourite 15</description>
							<width>750</width>
							<height>40</height>
							<font>font13</font>
							<textcolor>grey2</textcolor>
							<focusedcolor>white</focusedcolor>
							<label>Enable - Custom Favourite 15</label>
							<onclick>Skin.ToggleSetting(HomeMenuCFTVShows5)</onclick>
							<selected>Skin.HasSetting(HomeMenuCFTVShows5)</selected>
							<texturefocus>MenuItemFO.png</texturefocus>
							<texturenofocus>MenuItemNF.png</texturenofocus>
						</control>
						<control type="button" id="555">
							<width>750</width>
							<height>40</height>
							<font>font13</font>
							<label>- Set Custom Favourite 15</label>
							<label2>[COLOR=selected]$INFO[Skin.String(SFTVShows5.Label)][/COLOR]</label2>
							<textcolor>grey2</textcolor>
							<focusedcolor>white</focusedcolor>
							<texturefocus>MenuItemFO.png</texturefocus>
							<texturenofocus>MenuItemNF.png</texturenofocus>
							<onclick>RunScript(script.favourites,changetitle=true&amp;property=SFTVShows5)</onclick>
							<enable>Skin.HasSetting(HomeMenuCFTVShows5)</enable>
							<visible>Skin.HasSetting(HomeMenuCFTVShows5)</visible>					
						</control>
						<control type="button" id="655">
							<width>750</width>
							<height>40</height>
							<font>font13</font>
							<label>- Set [COLOR=blue]$INFO[Skin.String(SFTVShows5.Label)][/COLOR] Icon</label>
							<label2>[COLOR=selected]$INFO[Skin.String(CFTVShows5Icon)][/COLOR]</label2>
							<textcolor>grey2</textcolor>
							<focusedcolor>white</focusedcolor>
							<texturefocus>MenuItemFO.png</texturefocus>
							<texturenofocus>MenuItemNF.png</texturenofocus>
							<onclick>Skin.SetImage(CFTVShows5Icon)</onclick>
							<visible>Skin.HasSetting(HomeMenuCFTVShows5)</visible>
						</control>
						<control type="radiobutton" id="456">
							<description>Enable Custom Favourite 16</description>
							<width>750</width>
							<height>40</height>
							<font>font13</font>
							<textcolor>grey2</textcolor>
							<focusedcolor>white</focusedcolor>
							<label>Enable - Custom Favourite 16</label>
							<onclick>Skin.ToggleSetting(HomeMenuCFTVShows6)</onclick>
							<selected>Skin.HasSetting(HomeMenuCFTVShows6)</selected>
							<texturefocus>MenuItemFO.png</texturefocus>
							<texturenofocus>MenuItemNF.png</texturenofocus>
						</control>
						<control type="button" id="556">
							<width>750</width>
							<height>40</height>
							<font>font13</font>
							<label>- Set Custom Favourite 16</label>
							<label2>[COLOR=selected]$INFO[Skin.String(SFTVShows6.Label)][/COLOR]</label2>
							<textcolor>grey2</textcolor>
							<focusedcolor>white</focusedcolor>
							<texturefocus>MenuItemFO.png</texturefocus>
							<texturenofocus>MenuItemNF.png</texturenofocus>
							<onclick>RunScript(script.favourites,changetitle=true&amp;property=SFTVShows6)</onclick>
							<enable>Skin.HasSetting(HomeMenuCFTVShows6)</enable>
							<visible>Skin.HasSetting(HomeMenuCFTVShows6)</visible>					
						</control>
						<control type="button" id="656">
							<width>750</width>
							<height>40</height>
							<font>font13</font>
							<label>- Set [COLOR=blue]$INFO[Skin.String(SFTVShows6.Label)][/COLOR] Icon</label>
							<label2>[COLOR=selected]$INFO[Skin.String(CFTVShows6Icon)][/COLOR]</label2>
							<textcolor>grey2</textcolor>
							<focusedcolor>white</focusedcolor>
							<texturefocus>MenuItemFO.png</texturefocus>
							<texturenofocus>MenuItemNF.png</texturenofocus>
							<onclick>Skin.SetImage(CFTVShows6Icon)</onclick>
							<visible>Skin.HasSetting(HomeMenuCFTVShows6)</visible>
						</control>
						<control type="radiobutton" id="457">
							<description>Enable Custom Favourite 17</description>
							<width>750</width>
							<height>40</height>
							<font>font13</font>
							<textcolor>grey2</textcolor>
							<focusedcolor>white</focusedcolor>
							<label>Enable - Custom Favourite 17</label>
							<onclick>Skin.ToggleSetting(HomeMenuCFTVShows7)</onclick>
							<selected>Skin.HasSetting(HomeMenuCFTVShows7)</selected>
							<texturefocus>MenuItemFO.png</texturefocus>
							<texturenofocus>MenuItemNF.png</texturenofocus>
						</control>
						<control type="button" id="557">
							<width>750</width>
							<height>40</height>
							<font>font13</font>
							<label>- Set Custom Favourite 17</label>
							<label2>[COLOR=selected]$INFO[Skin.String(SFTVShows7.Label)][/COLOR]</label2>
							<textcolor>grey2</textcolor>
							<focusedcolor>white</focusedcolor>
							<texturefocus>MenuItemFO.png</texturefocus>
							<texturenofocus>MenuItemNF.png</texturenofocus>
							<onclick>RunScript(script.favourites,changetitle=true&amp;property=SFTVShows7)</onclick>
							<enable>Skin.HasSetting(HomeMenuCFTVShows7)</enable>
							<visible>Skin.HasSetting(HomeMenuCFTVShows7)</visible>					
						</control>
						<control type="button" id="657">
							<width>750</width>
							<height>40</height>
							<font>font13</font>
							<label>- Set [COLOR=blue]$INFO[Skin.String(SFTVShows7.Label)][/COLOR] Icon</label>
							<label2>[COLOR=selected]$INFO[Skin.String(CFTVShows7Icon)][/COLOR]</label2>
							<textcolor>grey2</textcolor>
							<focusedcolor>white</focusedcolor>
							<texturefocus>MenuItemFO.png</texturefocus>
							<texturenofocus>MenuItemNF.png</texturenofocus>
							<onclick>Skin.SetImage(CFTVShows7Icon)</onclick>
							<visible>Skin.HasSetting(HomeMenuCFTVShows7)</visible>
						</control>
						<control type="radiobutton" id="458">
							<description>Enable Custom Favourite 18</description>
							<width>750</width>
							<height>40</height>
							<font>font13</font>
							<textcolor>grey2</textcolor>
							<focusedcolor>white</focusedcolor>
							<label>Enable - Custom Favourite 18</label>
							<onclick>Skin.ToggleSetting(HomeMenuCFTVShows8)</onclick>
							<selected>Skin.HasSetting(HomeMenuCFTVShows8)</selected>
							<texturefocus>MenuItemFO.png</texturefocus>
							<texturenofocus>MenuItemNF.png</texturenofocus>
						</control>
						<control type="button" id="558">
							<width>750</width>
							<height>40</height>
							<font>font13</font>
							<label>- Set Custom Favourite 18</label>
							<label2>[COLOR=selected]$INFO[Skin.String(SFTVShows8.Label)][/COLOR]</label2>
							<textcolor>grey2</textcolor>
							<focusedcolor>white</focusedcolor>
							<texturefocus>MenuItemFO.png</texturefocus>
							<texturenofocus>MenuItemNF.png</texturenofocus>
							<onclick>RunScript(script.favourites,changetitle=true&amp;property=SFTVShows8)</onclick>
							<enable>Skin.HasSetting(HomeMenuCFTVShows8)</enable>
							<visible>Skin.HasSetting(HomeMenuCFTVShows8)</visible>					
						</control>
						<control type="button" id="658">
							<width>750</width>
							<height>40</height>
							<font>font13</font>
							<label>- Set [COLOR=blue]$INFO[Skin.String(SFTVShows8.Label)][/COLOR] Icon</label>
							<label2>[COLOR=selected]$INFO[Skin.String(CFTVShows8Icon)][/COLOR]</label2>
							<textcolor>grey2</textcolor>
							<focusedcolor>white</focusedcolor>
							<texturefocus>MenuItemFO.png</texturefocus>
							<texturenofocus>MenuItemNF.png</texturenofocus>
							<onclick>Skin.SetImage(CFTVShows8Icon)</onclick>
							<visible>Skin.HasSetting(HomeMenuCFTVShows8)</visible>
						</control>
						<control type="radiobutton" id="459">
							<description>Enable Custom Favourite 19</description>
							<width>750</width>
							<height>40</height>
							<font>font13</font>
							<textcolor>grey2</textcolor>
							<focusedcolor>white</focusedcolor>
							<label>Enable - Custom Favourite 19</label>
							<onclick>Skin.ToggleSetting(HomeMenuCFTVShows9)</onclick>
							<selected>Skin.HasSetting(HomeMenuCFTVShows9)</selected>
							<texturefocus>MenuItemFO.png</texturefocus>
							<texturenofocus>MenuItemNF.png</texturenofocus>
						</control>
						<control type="button" id="559">
							<width>750</width>
							<height>40</height>
							<font>font13</font>
							<label>- Set Custom Favourite 19</label>
							<label2>[COLOR=selected]$INFO[Skin.String(SFTVShows9.Label)][/COLOR]</label2>
							<textcolor>grey2</textcolor>
							<focusedcolor>white</focusedcolor>
							<texturefocus>MenuItemFO.png</texturefocus>
							<texturenofocus>MenuItemNF.png</texturenofocus>
							<onclick>RunScript(script.favourites,changetitle=true&amp;property=SFTVShows9)</onclick>
							<enable>Skin.HasSetting(HomeMenuCFTVShows9)</enable>
							<visible>Skin.HasSetting(HomeMenuCFTVShows9)</visible>					
						</control>
						<control type="button" id="659">
							<width>750</width>
							<height>40</height>
							<font>font13</font>
							<label>- Set [COLOR=blue]$INFO[Skin.String(SFTVShows9.Label)][/COLOR] Icon</label>
							<label2>[COLOR=selected]$INFO[Skin.String(CFTVShows9Icon)][/COLOR]</label2>
							<textcolor>grey2</textcolor>
							<focusedcolor>white</focusedcolor>
							<texturefocus>MenuItemFO.png</texturefocus>
							<texturenofocus>MenuItemNF.png</texturenofocus>
							<onclick>Skin.SetImage(CFTVShows9Icon)</onclick>
							<visible>Skin.HasSetting(HomeMenuCFTVShows9)</visible>
						</control>
						<control type="radiobutton" id="460">
							<description>Enable Custom Favourite 20</description>
							<width>750</width>
							<height>40</height>
							<font>font13</font>
							<textcolor>grey2</textcolor>
							<focusedcolor>white</focusedcolor>
							<label>Enable - Custom Favourite 20</label>
							<onclick>Skin.ToggleSetting(HomeMenuCF20)</onclick>
							<selected>Skin.HasSetting(HomeMenuCF20)</selected>
							<texturefocus>MenuItemFO.png</texturefocus>
							<texturenofocus>MenuItemNF.png</texturenofocus>
						</control>
						<control type="button" id="560">
							<width>750</width>
							<height>40</height>
							<font>font13</font>
							<label>- Set Custom Favourite 20</label>
							<label2>[COLOR=selected]$INFO[Skin.String(SF20.Label)][/COLOR]</label2>
							<textcolor>grey2</textcolor>
							<focusedcolor>white</focusedcolor>
							<texturefocus>MenuItemFO.png</texturefocus>
							<texturenofocus>MenuItemNF.png</texturenofocus>
							<onclick>RunScript(script.favourites,changetitle=true&amp;property=SF20)</onclick>
							<enable>Skin.HasSetting(HomeMenuCF20)</enable>
							<visible>Skin.HasSetting(HomeMenuCF20)</visible>					
						</control>
						<control type="button" id="660">
							<width>750</width>
							<height>40</height>
							<font>font13</font>
							<label>- Set [COLOR=blue]$INFO[Skin.String(SF20.Label)][/COLOR] Icon</label>
							<label2>[COLOR=selected]$INFO[Skin.String(CF20Icon)][/COLOR]</label2>
							<textcolor>grey2</textcolor>
							<focusedcolor>white</focusedcolor>
							<texturefocus>MenuItemFO.png</texturefocus>
							<texturenofocus>MenuItemNF.png</texturenofocus>
							<onclick>Skin.SetImage(CF20Icon)</onclick>
							<visible>Skin.HasSetting(HomeMenuCF20)</visible>
						</control>
					</control>
				</control>
		<include>CommonNowPlaying</include>
		<include>MainWindowMouseButtons</include>
		<include>BehindDialogFadeOut</include>
		<include condition="!Skin.HasSetting(EnableClock)">Clock</include>
	</controls>
</window>
