<?xml version="1.0" encoding="UTF-8"?>
<window id="1139" type="window">
	<defaultcontrol always="true">9000</defaultcontrol>
	<controls>
		<control type="label">
			<left>240</left>
			<top>10</top>
			<width>680</width>
			<height>60</height>
			<font>font35_title</font>
			<textcolor>blue</textcolor>
			<align>left</align>
			<aligny>center</aligny>
			<label>Video Shortcuts</label>
		</control>
		<control type="textbox">
			<left>240</left>
			<top>60</top>
			<width>680</width>
			<height>250</height>
			<font>font14</font>
			<textcolor>white</textcolor>
			<align>left</align>
			<label>To add shortcuts you will first need to add the relevant content to your favourites. The best method is to add as a super favourite first and then add that super favourite as a XBMC/Kodi favourite. This will ensure the item loads correctly</label>
		</control>
				<control type="group">
					<control type="grouplist" id="9000">
						<left>240</left>
						<top>200</top>
						<width>750</width>
						<height>430</height>
						<itemgap>-1</itemgap>
						<pagecontrol>61</pagecontrol>
						<onleft>9000</onleft>
						<onright>61</onright>
						<onup>9005</onup>
						<ondown>9005</ondown>
<!--Super Favourites shortcuts-->
						<control type="radiobutton" id="441">
							<description>Enable Custom Favourite 1</description>
							<width>750</width>
							<height>40</height>
							<font>font13</font>
							<textcolor>grey2</textcolor>
							<focusedcolor>white</focusedcolor>
							<label>Enable - Custom Favourite 1</label>
							<onclick>Skin.ToggleSetting(HomeMenuCFVideos1)</onclick>
							<selected>Skin.HasSetting(HomeMenuCFVideos1)</selected>
							<texturefocus>MenuItemFO.png</texturefocus>
							<texturenofocus>MenuItemNF.png</texturenofocus>
						</control>
						<control type="button" id="541">
							<width>750</width>
							<height>40</height>
							<font>font13</font>
							<label>- Set Custom Favourite 1</label>
							<label2>[COLOR=selected]$INFO[Skin.String(SFVideos1.Label)][/COLOR]</label2>
							<textcolor>grey2</textcolor>
							<focusedcolor>white</focusedcolor>
							<texturefocus>MenuItemFO.png</texturefocus>
							<texturenofocus>MenuItemNF.png</texturenofocus>
							<onclick>RunScript(script.favourites,changetitle=true&amp;property=SFVideos1)</onclick>
							<enable>Skin.HasSetting(HomeMenuCFVideos1)</enable>
							<visible>Skin.HasSetting(HomeMenuCFVideos1)</visible>					
						</control>
						<control type="button" id="641">
							<width>750</width>
							<height>40</height>
							<font>font13</font>
							<label>- Set [COLOR=blue]$INFO[Skin.String(SFVideos1.Label)][/COLOR] Icon</label>
							<label2>[COLOR=selected]$INFO[Skin.String(CFVideos1Icon)][/COLOR]</label2>
							<textcolor>grey2</textcolor>
							<focusedcolor>white</focusedcolor>
							<texturefocus>MenuItemFO.png</texturefocus>
							<texturenofocus>MenuItemNF.png</texturenofocus>
							<onclick>Skin.SetImage(CFVideos1Icon)</onclick>
							<visible>Skin.HasSetting(HomeMenuCFVideos1)</visible>
						</control>
						<control type="radiobutton" id="442">
							<description>Enable Custom Favourite 2</description>
							<width>750</width>
							<height>40</height>
							<font>font13</font>
							<textcolor>grey2</textcolor>
							<focusedcolor>white</focusedcolor>
							<label>Enable - Custom Favourite 2</label>
							<onclick>Skin.ToggleSetting(HomeMenuCFVideos2)</onclick>
							<selected>Skin.HasSetting(HomeMenuCFVideos2)</selected>
							<texturefocus>MenuItemFO.png</texturefocus>
							<texturenofocus>MenuItemNF.png</texturenofocus>
						</control>
						<control type="button" id="542">
							<width>750</width>
							<height>40</height>
							<font>font13</font>
							<label>- Set Custom Favourite 2</label>
							<label2>[COLOR=selected]$INFO[Skin.String(SFVideos2.Label)][/COLOR]</label2>
							<textcolor>grey2</textcolor>
							<focusedcolor>white</focusedcolor>
							<texturefocus>MenuItemFO.png</texturefocus>
							<texturenofocus>MenuItemNF.png</texturenofocus>
							<onclick>RunScript(script.favourites,changetitle=true&amp;property=SFVideos2)</onclick>
							<enable>Skin.HasSetting(HomeMenuCFVideos2)</enable>
							<visible>Skin.HasSetting(HomeMenuCFVideos2)</visible>					
						</control>
						<control type="button" id="642">
							<width>750</width>
							<height>40</height>
							<font>font13</font>
							<label>- Set [COLOR=blue]$INFO[Skin.String(SFVideos2.Label)][/COLOR] Icon</label>
							<label2>[COLOR=selected]$INFO[Skin.String(CFVideos2Icon)][/COLOR]</label2>
							<textcolor>grey2</textcolor>
							<focusedcolor>white</focusedcolor>
							<texturefocus>MenuItemFO.png</texturefocus>
							<texturenofocus>MenuItemNF.png</texturenofocus>
							<onclick>Skin.SetImage(CFVideos2Icon)</onclick>
							<visible>Skin.HasSetting(HomeMenuCFVideos2)</visible>
						</control>
						<control type="radiobutton" id="443">
							<description>Enable Custom Favourite 3</description>
							<width>750</width>
							<height>40</height>
							<font>font13</font>
							<textcolor>grey2</textcolor>
							<focusedcolor>white</focusedcolor>
							<label>Enable - Custom Favourite 3</label>
							<onclick>Skin.ToggleSetting(HomeMenuCFVideos3)</onclick>
							<selected>Skin.HasSetting(HomeMenuCFVideos3)</selected>
							<texturefocus>MenuItemFO.png</texturefocus>
							<texturenofocus>MenuItemNF.png</texturenofocus>
						</control>
						<control type="button" id="543">
							<width>750</width>
							<height>40</height>
							<font>font13</font>
							<label>- Set Custom Favourite 3</label>
							<label2>[COLOR=selected]$INFO[Skin.String(SFVideos3.Label)][/COLOR]</label2>
							<textcolor>grey2</textcolor>
							<focusedcolor>white</focusedcolor>
							<texturefocus>MenuItemFO.png</texturefocus>
							<texturenofocus>MenuItemNF.png</texturenofocus>
							<onclick>RunScript(script.favourites,changetitle=true&amp;property=SFVideos3)</onclick>
							<enable>Skin.HasSetting(HomeMenuCFVideos3)</enable>
							<visible>Skin.HasSetting(HomeMenuCFVideos3)</visible>					
						</control>
						<control type="button" id="643">
							<width>750</width>
							<height>40</height>
							<font>font13</font>
							<label>- Set [COLOR=blue]$INFO[Skin.String(SFVideos3.Label)][/COLOR] Icon</label>
							<label2>[COLOR=selected]$INFO[Skin.String(CFVideos3Icon)][/COLOR]</label2>
							<textcolor>grey2</textcolor>
							<focusedcolor>white</focusedcolor>
							<texturefocus>MenuItemFO.png</texturefocus>
							<texturenofocus>MenuItemNF.png</texturenofocus>
							<onclick>Skin.SetImage(CFVideos3Icon)</onclick>
							<visible>Skin.HasSetting(HomeMenuCFVideos3)</visible>
						</control>
						<control type="radiobutton" id="444">
							<description>Enable Custom Favourite 4</description>
							<width>750</width>
							<height>40</height>
							<font>font13</font>
							<textcolor>grey2</textcolor>
							<focusedcolor>white</focusedcolor>
							<label>Enable - Custom Favourite 4</label>
							<onclick>Skin.ToggleSetting(HomeMenuCFVideos4)</onclick>
							<selected>Skin.HasSetting(HomeMenuCFVideos4)</selected>
							<texturefocus>MenuItemFO.png</texturefocus>
							<texturenofocus>MenuItemNF.png</texturenofocus>
						</control>
						<control type="button" id="544">
							<width>750</width>
							<height>40</height>
							<font>font13</font>
							<label>- Set Custom Favourite 4</label>
							<label2>[COLOR=selected]$INFO[Skin.String(SFVideos4.Label)][/COLOR]</label2>
							<textcolor>grey2</textcolor>
							<focusedcolor>white</focusedcolor>
							<texturefocus>MenuItemFO.png</texturefocus>
							<texturenofocus>MenuItemNF.png</texturenofocus>
							<onclick>RunScript(script.favourites,changetitle=true&amp;property=SFVideos4)</onclick>
							<enable>Skin.HasSetting(HomeMenuCFVideos4)</enable>
							<visible>Skin.HasSetting(HomeMenuCFVideos4)</visible>					
						</control>
						<control type="button" id="644">
							<width>750</width>
							<height>40</height>
							<font>font13</font>
							<label>- Set [COLOR=blue]$INFO[Skin.String(SFVideos4.Label)][/COLOR] Icon</label>
							<label2>[COLOR=selected]$INFO[Skin.String(CFVideos4Icon)][/COLOR]</label2>
							<textcolor>grey2</textcolor>
							<focusedcolor>white</focusedcolor>
							<texturefocus>MenuItemFO.png</texturefocus>
							<texturenofocus>MenuItemNF.png</texturenofocus>
							<onclick>Skin.SetImage(CFVideos4Icon)</onclick>
							<visible>Skin.HasSetting(HomeMenuCFVideos4)</visible>
						</control>
						<control type="radiobutton" id="445">
							<description>Enable Custom Favourite 5</description>
							<width>750</width>
							<height>40</height>
							<font>font13</font>
							<textcolor>grey2</textcolor>
							<focusedcolor>white</focusedcolor>
							<label>Enable - Custom Favourite 5</label>
							<onclick>Skin.ToggleSetting(HomeMenuCFVideos5)</onclick>
							<selected>Skin.HasSetting(HomeMenuCFVideos5)</selected>
							<texturefocus>MenuItemFO.png</texturefocus>
							<texturenofocus>MenuItemNF.png</texturenofocus>
						</control>
						<control type="button" id="545">
							<width>750</width>
							<height>40</height>
							<font>font13</font>
							<label>- Set Custom Favourite 5</label>
							<label2>[COLOR=selected]$INFO[Skin.String(SFVideos5.Label)][/COLOR]</label2>
							<textcolor>grey2</textcolor>
							<focusedcolor>white</focusedcolor>
							<texturefocus>MenuItemFO.png</texturefocus>
							<texturenofocus>MenuItemNF.png</texturenofocus>
							<onclick>RunScript(script.favourites,changetitle=true&amp;property=SFVideos5)</onclick>
							<enable>Skin.HasSetting(HomeMenuCFVideos5)</enable>
							<visible>Skin.HasSetting(HomeMenuCFVideos5)</visible>					
						</control>
						<control type="button" id="645">
							<width>750</width>
							<height>40</height>
							<font>font13</font>
							<label>- Set [COLOR=blue]$INFO[Skin.String(SFVideos5.Label)][/COLOR] Icon</label>
							<label2>[COLOR=selected]$INFO[Skin.String(CFVideos5Icon)][/COLOR]</label2>
							<textcolor>grey2</textcolor>
							<focusedcolor>white</focusedcolor>
							<texturefocus>MenuItemFO.png</texturefocus>
							<texturenofocus>MenuItemNF.png</texturenofocus>
							<onclick>Skin.SetImage(CFVideos5Icon)</onclick>
							<visible>Skin.HasSetting(HomeMenuCFVideos5)</visible>
						</control>
						<control type="radiobutton" id="446">
							<description>Enable Custom Favourite 6</description>
							<width>750</width>
							<height>40</height>
							<font>font13</font>
							<textcolor>grey2</textcolor>
							<focusedcolor>white</focusedcolor>
							<label>Enable - Custom Favourite 6</label>
							<onclick>Skin.ToggleSetting(HomeMenuCFVideos6)</onclick>
							<selected>Skin.HasSetting(HomeMenuCFVideos6)</selected>
							<texturefocus>MenuItemFO.png</texturefocus>
							<texturenofocus>MenuItemNF.png</texturenofocus>
						</control>
						<control type="button" id="546">
							<width>750</width>
							<height>40</height>
							<font>font13</font>
							<label>- Set Custom Favourite 6</label>
							<label2>[COLOR=selected]$INFO[Skin.String(SFVideos6.Label)][/COLOR]</label2>
							<textcolor>grey2</textcolor>
							<focusedcolor>white</focusedcolor>
							<texturefocus>MenuItemFO.png</texturefocus>
							<texturenofocus>MenuItemNF.png</texturenofocus>
							<onclick>RunScript(script.favourites,changetitle=true&amp;property=SFVideos6)</onclick>
							<enable>Skin.HasSetting(HomeMenuCFVideos6)</enable>
							<visible>Skin.HasSetting(HomeMenuCFVideos6)</visible>					
						</control>
						<control type="button" id="646">
							<width>750</width>
							<height>40</height>
							<font>font13</font>
							<label>- Set [COLOR=blue]$INFO[Skin.String(SFVideos6.Label)][/COLOR] Icon</label>
							<label2>[COLOR=selected]$INFO[Skin.String(CFVideos6Icon)][/COLOR]</label2>
							<textcolor>grey2</textcolor>
							<focusedcolor>white</focusedcolor>
							<texturefocus>MenuItemFO.png</texturefocus>
							<texturenofocus>MenuItemNF.png</texturenofocus>
							<onclick>Skin.SetImage(CFVideos6Icon)</onclick>
							<visible>Skin.HasSetting(HomeMenuCFVideos6)</visible>
						</control>
						<control type="radiobutton" id="447">
							<description>Enable Custom Favourite 7</description>
							<width>750</width>
							<height>40</height>
							<font>font13</font>
							<textcolor>grey2</textcolor>
							<focusedcolor>white</focusedcolor>
							<label>Enable - Custom Favourite 7</label>
							<onclick>Skin.ToggleSetting(HomeMenuCFVideos7)</onclick>
							<selected>Skin.HasSetting(HomeMenuCFVideos7)</selected>
							<texturefocus>MenuItemFO.png</texturefocus>
							<texturenofocus>MenuItemNF.png</texturenofocus>
						</control>
						<control type="button" id="547">
							<width>750</width>
							<height>40</height>
							<font>font13</font>
							<label>- Set Custom Favourite 7</label>
							<label2>[COLOR=selected]$INFO[Skin.String(SFVideos7.Label)][/COLOR]</label2>
							<textcolor>grey2</textcolor>
							<focusedcolor>white</focusedcolor>
							<texturefocus>MenuItemFO.png</texturefocus>
							<texturenofocus>MenuItemNF.png</texturenofocus>
							<onclick>RunScript(script.favourites,changetitle=true&amp;property=SFVideos7)</onclick>
							<enable>Skin.HasSetting(HomeMenuCFVideos7)</enable>
							<visible>Skin.HasSetting(HomeMenuCFVideos7)</visible>					
						</control>
						<control type="button" id="647">
							<width>750</width>
							<height>40</height>
							<font>font13</font>
							<label>- Set [COLOR=blue]$INFO[Skin.String(SFVideos7.Label)][/COLOR] Icon</label>
							<label2>[COLOR=selected]$INFO[Skin.String(CFVideos7Icon)][/COLOR]</label2>
							<textcolor>grey2</textcolor>
							<focusedcolor>white</focusedcolor>
							<texturefocus>MenuItemFO.png</texturefocus>
							<texturenofocus>MenuItemNF.png</texturenofocus>
							<onclick>Skin.SetImage(CFVideos7Icon)</onclick>
							<visible>Skin.HasSetting(HomeMenuCFVideos7)</visible>
						</control>
						<control type="radiobutton" id="448">
							<description>Enable Custom Favourite 8</description>
							<width>750</width>
							<height>40</height>
							<font>font13</font>
							<textcolor>grey2</textcolor>
							<focusedcolor>white</focusedcolor>
							<label>Enable - Custom Favourite 8</label>
							<onclick>Skin.ToggleSetting(HomeMenuCFVideos8)</onclick>
							<selected>Skin.HasSetting(HomeMenuCFVideos8)</selected>
							<texturefocus>MenuItemFO.png</texturefocus>
							<texturenofocus>MenuItemNF.png</texturenofocus>
						</control>
						<control type="button" id="548">
							<width>750</width>
							<height>40</height>
							<font>font13</font>
							<label>- Set Custom Favourite 8</label>
							<label2>[COLOR=selected]$INFO[Skin.String(SFVideos8.Label)][/COLOR]</label2>
							<textcolor>grey2</textcolor>
							<focusedcolor>white</focusedcolor>
							<texturefocus>MenuItemFO.png</texturefocus>
							<texturenofocus>MenuItemNF.png</texturenofocus>
							<onclick>RunScript(script.favourites,changetitle=true&amp;property=SFVideos8)</onclick>
							<enable>Skin.HasSetting(HomeMenuCFVideos8)</enable>
							<visible>Skin.HasSetting(HomeMenuCFVideos8)</visible>					
						</control>
						<control type="button" id="648">
							<width>750</width>
							<height>40</height>
							<font>font13</font>
							<label>- Set [COLOR=blue]$INFO[Skin.String(SFVideos8.Label)][/COLOR] Icon</label>
							<label2>[COLOR=selected]$INFO[Skin.String(CFVideos8Icon)][/COLOR]</label2>
							<textcolor>grey2</textcolor>
							<focusedcolor>white</focusedcolor>
							<texturefocus>MenuItemFO.png</texturefocus>
							<texturenofocus>MenuItemNF.png</texturenofocus>
							<onclick>Skin.SetImage(CFVideos8Icon)</onclick>
							<visible>Skin.HasSetting(HomeMenuCFVideos8)</visible>
						</control>
						<control type="radiobutton" id="449">
							<description>Enable Custom Favourite 9</description>
							<width>750</width>
							<height>40</height>
							<font>font13</font>
							<textcolor>grey2</textcolor>
							<focusedcolor>white</focusedcolor>
							<label>Enable - Custom Favourite 9</label>
							<onclick>Skin.ToggleSetting(HomeMenuCFVideos9)</onclick>
							<selected>Skin.HasSetting(HomeMenuCFVideos9)</selected>
							<texturefocus>MenuItemFO.png</texturefocus>
							<texturenofocus>MenuItemNF.png</texturenofocus>
						</control>
						<control type="button" id="549">
							<width>750</width>
							<height>40</height>
							<font>font13</font>
							<label>- Set Custom Favourite 9</label>
							<label2>[COLOR=selected]$INFO[Skin.String(SFVideos9.Label)][/COLOR]</label2>
							<textcolor>grey2</textcolor>
							<focusedcolor>white</focusedcolor>
							<texturefocus>MenuItemFO.png</texturefocus>
							<texturenofocus>MenuItemNF.png</texturenofocus>
							<onclick>RunScript(script.favourites,changetitle=true&amp;property=SFVideos9)</onclick>
							<enable>Skin.HasSetting(HomeMenuCFVideos9)</enable>
							<visible>Skin.HasSetting(HomeMenuCFVideos9)</visible>					
						</control>
						<control type="button" id="649">
							<width>750</width>
							<height>40</height>
							<font>font13</font>
							<label>- Set [COLOR=blue]$INFO[Skin.String(SFVideos9.Label)][/COLOR] Icon</label>
							<label2>[COLOR=selected]$INFO[Skin.String(CFVideos9Icon)][/COLOR]</label2>
							<textcolor>grey2</textcolor>
							<focusedcolor>white</focusedcolor>
							<texturefocus>MenuItemFO.png</texturefocus>
							<texturenofocus>MenuItemNF.png</texturenofocus>
							<onclick>Skin.SetImage(CFVideos9Icon)</onclick>
							<visible>Skin.HasSetting(HomeMenuCFVideos9)</visible>
						</control>
						<control type="radiobutton" id="450">
							<description>Enable Custom Favourite 10</description>
							<width>750</width>
							<height>40</height>
							<font>font13</font>
							<textcolor>grey2</textcolor>
							<focusedcolor>white</focusedcolor>
							<label>Enable - Custom Favourite 10</label>
							<onclick>Skin.ToggleSetting(HomeMenuCFVideos10)</onclick>
							<selected>Skin.HasSetting(HomeMenuCFVideos10)</selected>
							<texturefocus>MenuItemFO.png</texturefocus>
							<texturenofocus>MenuItemNF.png</texturenofocus>
						</control>
						<control type="button" id="550">
							<width>750</width>
							<height>40</height>
							<font>font13</font>
							<label>- Set Custom Favourite 10</label>
							<label2>[COLOR=selected]$INFO[Skin.String(SFVideos10.Label)][/COLOR]</label2>
							<textcolor>grey2</textcolor>
							<focusedcolor>white</focusedcolor>
							<texturefocus>MenuItemFO.png</texturefocus>
							<texturenofocus>MenuItemNF.png</texturenofocus>
							<onclick>RunScript(script.favourites,changetitle=true&amp;property=SFVideos10)</onclick>
							<enable>Skin.HasSetting(HomeMenuCFVideos10)</enable>
							<visible>Skin.HasSetting(HomeMenuCFVideos10)</visible>					
						</control>
						<control type="button" id="650">
							<width>750</width>
							<height>40</height>
							<font>font13</font>
							<label>- Set [COLOR=blue]$INFO[Skin.String(SFVideos10.Label)][/COLOR] Icon</label>
							<label2>[COLOR=selected]$INFO[Skin.String(CFVideos10Icon)][/COLOR]</label2>
							<textcolor>grey2</textcolor>
							<focusedcolor>white</focusedcolor>
							<texturefocus>MenuItemFO.png</texturefocus>
							<texturenofocus>MenuItemNF.png</texturenofocus>
							<onclick>Skin.SetImage(CFVideos10Icon)</onclick>
							<visible>Skin.HasSetting(HomeMenuCFVideos10)</visible>
						</control>
						<control type="radiobutton" id="451">
							<description>Enable Custom Favourite 11</description>
							<width>750</width>
							<height>40</height>
							<font>font13</font>
							<textcolor>grey2</textcolor>
							<focusedcolor>white</focusedcolor>
							<label>Enable - Custom Favourite 11</label>
							<onclick>Skin.ToggleSetting(HomeMenuCFVideos11)</onclick>
							<selected>Skin.HasSetting(HomeMenuCFVideos11)</selected>
							<texturefocus>MenuItemFO.png</texturefocus>
							<texturenofocus>MenuItemNF.png</texturenofocus>
						</control>
						<control type="button" id="551">
							<width>750</width>
							<height>40</height>
							<font>font13</font>
							<label>- Set Custom Favourite 11</label>
							<label2>[COLOR=selected]$INFO[Skin.String(SFVideos11.Label)][/COLOR]</label2>
							<textcolor>grey2</textcolor>
							<focusedcolor>white</focusedcolor>
							<texturefocus>MenuItemFO.png</texturefocus>
							<texturenofocus>MenuItemNF.png</texturenofocus>
							<onclick>RunScript(script.favourites,changetitle=true&amp;property=SFVideos11)</onclick>
							<enable>Skin.HasSetting(HomeMenuCFVideos11)</enable>
							<visible>Skin.HasSetting(HomeMenuCFVideos11)</visible>					
						</control>
						<control type="button" id="651">
							<width>750</width>
							<height>40</height>
							<font>font13</font>
							<label>- Set [COLOR=blue]$INFO[Skin.String(SFVideos11.Label)][/COLOR] Icon</label>
							<label2>[COLOR=selected]$INFO[Skin.String(CFVideos11Icon)][/COLOR]</label2>
							<textcolor>grey2</textcolor>
							<focusedcolor>white</focusedcolor>
							<texturefocus>MenuItemFO.png</texturefocus>
							<texturenofocus>MenuItemNF.png</texturenofocus>
							<onclick>Skin.SetImage(CFVideos11Icon)</onclick>
							<visible>Skin.HasSetting(HomeMenuCFVideos11)</visible>
						</control>
						<control type="radiobutton" id="452">
							<description>Enable Custom Favourite 12</description>
							<width>750</width>
							<height>40</height>
							<font>font13</font>
							<textcolor>grey2</textcolor>
							<focusedcolor>white</focusedcolor>
							<label>Enable - Custom Favourite 12</label>
							<onclick>Skin.ToggleSetting(HomeMenuCFVideos12)</onclick>
							<selected>Skin.HasSetting(HomeMenuCFVideos12)</selected>
							<texturefocus>MenuItemFO.png</texturefocus>
							<texturenofocus>MenuItemNF.png</texturenofocus>
						</control>
						<control type="button" id="552">
							<width>750</width>
							<height>40</height>
							<font>font13</font>
							<label>- Set Custom Favourite 12</label>
							<label2>[COLOR=selected]$INFO[Skin.String(SFVideos12.Label)][/COLOR]</label2>
							<textcolor>grey2</textcolor>
							<focusedcolor>white</focusedcolor>
							<texturefocus>MenuItemFO.png</texturefocus>
							<texturenofocus>MenuItemNF.png</texturenofocus>
							<onclick>RunScript(script.favourites,changetitle=true&amp;property=SFVideos12)</onclick>
							<enable>Skin.HasSetting(HomeMenuCFVideos12)</enable>
							<visible>Skin.HasSetting(HomeMenuCFVideos12)</visible>					
						</control>
						<control type="button" id="652">
							<width>750</width>
							<height>40</height>
							<font>font13</font>
							<label>- Set [COLOR=blue]$INFO[Skin.String(SFVideos12.Label)][/COLOR] Icon</label>
							<label2>[COLOR=selected]$INFO[Skin.String(CFVideos12Icon)][/COLOR]</label2>
							<textcolor>grey2</textcolor>
							<focusedcolor>white</focusedcolor>
							<texturefocus>MenuItemFO.png</texturefocus>
							<texturenofocus>MenuItemNF.png</texturenofocus>
							<onclick>Skin.SetImage(CFVideos12Icon)</onclick>
							<visible>Skin.HasSetting(HomeMenuCFVideos12)</visible>
						</control>
						<control type="radiobutton" id="453">
							<description>Enable Custom Favourite 13</description>
							<width>750</width>
							<height>40</height>
							<font>font13</font>
							<textcolor>grey2</textcolor>
							<focusedcolor>white</focusedcolor>
							<label>Enable - Custom Favourite 13</label>
							<onclick>Skin.ToggleSetting(HomeMenuCFVideos13)</onclick>
							<selected>Skin.HasSetting(HomeMenuCFVideos13)</selected>
							<texturefocus>MenuItemFO.png</texturefocus>
							<texturenofocus>MenuItemNF.png</texturenofocus>
						</control>
						<control type="button" id="553">
							<width>750</width>
							<height>40</height>
							<font>font13</font>
							<label>- Set Custom Favourite 13</label>
							<label2>[COLOR=selected]$INFO[Skin.String(SFVideos13.Label)][/COLOR]</label2>
							<textcolor>grey2</textcolor>
							<focusedcolor>white</focusedcolor>
							<texturefocus>MenuItemFO.png</texturefocus>
							<texturenofocus>MenuItemNF.png</texturenofocus>
							<onclick>RunScript(script.favourites,changetitle=true&amp;property=SFVideos13)</onclick>
							<enable>Skin.HasSetting(HomeMenuCFVideos13)</enable>
							<visible>Skin.HasSetting(HomeMenuCFVideos13)</visible>					
						</control>
						<control type="button" id="653">
							<width>750</width>
							<height>40</height>
							<font>font13</font>
							<label>- Set [COLOR=blue]$INFO[Skin.String(SFVideos13.Label)][/COLOR] Icon</label>
							<label2>[COLOR=selected]$INFO[Skin.String(CFVideos13Icon)][/COLOR]</label2>
							<textcolor>grey2</textcolor>
							<focusedcolor>white</focusedcolor>
							<texturefocus>MenuItemFO.png</texturefocus>
							<texturenofocus>MenuItemNF.png</texturenofocus>
							<onclick>Skin.SetImage(CFVideos13Icon)</onclick>
							<visible>Skin.HasSetting(HomeMenuCFVideos13)</visible>
						</control>
						<control type="radiobutton" id="454">
							<description>Enable Custom Favourite 14</description>
							<width>750</width>
							<height>40</height>
							<font>font13</font>
							<textcolor>grey2</textcolor>
							<focusedcolor>white</focusedcolor>
							<label>Enable - Custom Favourite 14</label>
							<onclick>Skin.ToggleSetting(HomeMenuCFVideos14)</onclick>
							<selected>Skin.HasSetting(HomeMenuCFVideos14)</selected>
							<texturefocus>MenuItemFO.png</texturefocus>
							<texturenofocus>MenuItemNF.png</texturenofocus>
						</control>
						<control type="button" id="554">
							<width>750</width>
							<height>40</height>
							<font>font13</font>
							<label>- Set Custom Favourite 14</label>
							<label2>[COLOR=selected]$INFO[Skin.String(SFVideos14.Label)][/COLOR]</label2>
							<textcolor>grey2</textcolor>
							<focusedcolor>white</focusedcolor>
							<texturefocus>MenuItemFO.png</texturefocus>
							<texturenofocus>MenuItemNF.png</texturenofocus>
							<onclick>RunScript(script.favourites,changetitle=true&amp;property=SFVideos14)</onclick>
							<enable>Skin.HasSetting(HomeMenuCFVideos14)</enable>
							<visible>Skin.HasSetting(HomeMenuCFVideos14)</visible>					
						</control>
						<control type="button" id="654">
							<width>750</width>
							<height>40</height>
							<font>font13</font>
							<label>- Set [COLOR=blue]$INFO[Skin.String(SFVideos14.Label)][/COLOR] Icon</label>
							<label2>[COLOR=selected]$INFO[Skin.String(CFVideos14Icon)][/COLOR]</label2>
							<textcolor>grey2</textcolor>
							<focusedcolor>white</focusedcolor>
							<texturefocus>MenuItemFO.png</texturefocus>
							<texturenofocus>MenuItemNF.png</texturenofocus>
							<onclick>Skin.SetImage(CFVideos14Icon)</onclick>
							<visible>Skin.HasSetting(HomeMenuCFVideos14)</visible>
						</control>
						<control type="radiobutton" id="455">
							<description>Enable Custom Favourite 15</description>
							<width>750</width>
							<height>40</height>
							<font>font13</font>
							<textcolor>grey2</textcolor>
							<focusedcolor>white</focusedcolor>
							<label>Enable - Custom Favourite 15</label>
							<onclick>Skin.ToggleSetting(HomeMenuCFVideos15)</onclick>
							<selected>Skin.HasSetting(HomeMenuCFVideos15)</selected>
							<texturefocus>MenuItemFO.png</texturefocus>
							<texturenofocus>MenuItemNF.png</texturenofocus>
						</control>
						<control type="button" id="555">
							<width>750</width>
							<height>40</height>
							<font>font13</font>
							<label>- Set Custom Favourite 15</label>
							<label2>[COLOR=selected]$INFO[Skin.String(SFVideos15.Label)][/COLOR]</label2>
							<textcolor>grey2</textcolor>
							<focusedcolor>white</focusedcolor>
							<texturefocus>MenuItemFO.png</texturefocus>
							<texturenofocus>MenuItemNF.png</texturenofocus>
							<onclick>RunScript(script.favourites,changetitle=true&amp;property=SFVideos15)</onclick>
							<enable>Skin.HasSetting(HomeMenuCFVideos15)</enable>
							<visible>Skin.HasSetting(HomeMenuCFVideos15)</visible>					
						</control>
						<control type="button" id="655">
							<width>750</width>
							<height>40</height>
							<font>font13</font>
							<label>- Set [COLOR=blue]$INFO[Skin.String(SFVideos15.Label)][/COLOR] Icon</label>
							<label2>[COLOR=selected]$INFO[Skin.String(CFVideos15Icon)][/COLOR]</label2>
							<textcolor>grey2</textcolor>
							<focusedcolor>white</focusedcolor>
							<texturefocus>MenuItemFO.png</texturefocus>
							<texturenofocus>MenuItemNF.png</texturenofocus>
							<onclick>Skin.SetImage(CFVideos15Icon)</onclick>
							<visible>Skin.HasSetting(HomeMenuCFVideos15)</visible>
						</control>
						<control type="radiobutton" id="456">
							<description>Enable Custom Favourite 16</description>
							<width>750</width>
							<height>40</height>
							<font>font13</font>
							<textcolor>grey2</textcolor>
							<focusedcolor>white</focusedcolor>
							<label>Enable - Custom Favourite 16</label>
							<onclick>Skin.ToggleSetting(HomeMenuCFVideos16)</onclick>
							<selected>Skin.HasSetting(HomeMenuCFVideos16)</selected>
							<texturefocus>MenuItemFO.png</texturefocus>
							<texturenofocus>MenuItemNF.png</texturenofocus>
						</control>
						<control type="button" id="556">
							<width>750</width>
							<height>40</height>
							<font>font13</font>
							<label>- Set Custom Favourite 16</label>
							<label2>[COLOR=selected]$INFO[Skin.String(SFVideos16.Label)][/COLOR]</label2>
							<textcolor>grey2</textcolor>
							<focusedcolor>white</focusedcolor>
							<texturefocus>MenuItemFO.png</texturefocus>
							<texturenofocus>MenuItemNF.png</texturenofocus>
							<onclick>RunScript(script.favourites,changetitle=true&amp;property=SFVideos16)</onclick>
							<enable>Skin.HasSetting(HomeMenuCFVideos16)</enable>
							<visible>Skin.HasSetting(HomeMenuCFVideos16)</visible>					
						</control>
						<control type="button" id="656">
							<width>750</width>
							<height>40</height>
							<font>font13</font>
							<label>- Set [COLOR=blue]$INFO[Skin.String(SFVideos16.Label)][/COLOR] Icon</label>
							<label2>[COLOR=selected]$INFO[Skin.String(CFVideos16Icon)][/COLOR]</label2>
							<textcolor>grey2</textcolor>
							<focusedcolor>white</focusedcolor>
							<texturefocus>MenuItemFO.png</texturefocus>
							<texturenofocus>MenuItemNF.png</texturenofocus>
							<onclick>Skin.SetImage(CFVideos16Icon)</onclick>
							<visible>Skin.HasSetting(HomeMenuCFVideos16)</visible>
						</control>
						<control type="radiobutton" id="457">
							<description>Enable Custom Favourite 17</description>
							<width>750</width>
							<height>40</height>
							<font>font13</font>
							<textcolor>grey2</textcolor>
							<focusedcolor>white</focusedcolor>
							<label>Enable - Custom Favourite 17</label>
							<onclick>Skin.ToggleSetting(HomeMenuCFVideos17)</onclick>
							<selected>Skin.HasSetting(HomeMenuCFVideos17)</selected>
							<texturefocus>MenuItemFO.png</texturefocus>
							<texturenofocus>MenuItemNF.png</texturenofocus>
						</control>
						<control type="button" id="557">
							<width>750</width>
							<height>40</height>
							<font>font13</font>
							<label>- Set Custom Favourite 17</label>
							<label2>[COLOR=selected]$INFO[Skin.String(SFVideos17.Label)][/COLOR]</label2>
							<textcolor>grey2</textcolor>
							<focusedcolor>white</focusedcolor>
							<texturefocus>MenuItemFO.png</texturefocus>
							<texturenofocus>MenuItemNF.png</texturenofocus>
							<onclick>RunScript(script.favourites,changetitle=true&amp;property=SFVideos17)</onclick>
							<enable>Skin.HasSetting(HomeMenuCFVideos17)</enable>
							<visible>Skin.HasSetting(HomeMenuCFVideos17)</visible>					
						</control>
						<control type="button" id="657">
							<width>750</width>
							<height>40</height>
							<font>font13</font>
							<label>- Set [COLOR=blue]$INFO[Skin.String(SFVideos17.Label)][/COLOR] Icon</label>
							<label2>[COLOR=selected]$INFO[Skin.String(CFVideos17Icon)][/COLOR]</label2>
							<textcolor>grey2</textcolor>
							<focusedcolor>white</focusedcolor>
							<texturefocus>MenuItemFO.png</texturefocus>
							<texturenofocus>MenuItemNF.png</texturenofocus>
							<onclick>Skin.SetImage(CFVideos17Icon)</onclick>
							<visible>Skin.HasSetting(HomeMenuCFVideos17)</visible>
						</control>
						<control type="radiobutton" id="458">
							<description>Enable Custom Favourite 18</description>
							<width>750</width>
							<height>40</height>
							<font>font13</font>
							<textcolor>grey2</textcolor>
							<focusedcolor>white</focusedcolor>
							<label>Enable - Custom Favourite 18</label>
							<onclick>Skin.ToggleSetting(HomeMenuCFVideos18)</onclick>
							<selected>Skin.HasSetting(HomeMenuCFVideos18)</selected>
							<texturefocus>MenuItemFO.png</texturefocus>
							<texturenofocus>MenuItemNF.png</texturenofocus>
						</control>
						<control type="button" id="558">
							<width>750</width>
							<height>40</height>
							<font>font13</font>
							<label>- Set Custom Favourite 18</label>
							<label2>[COLOR=selected]$INFO[Skin.String(SFVideos18.Label)][/COLOR]</label2>
							<textcolor>grey2</textcolor>
							<focusedcolor>white</focusedcolor>
							<texturefocus>MenuItemFO.png</texturefocus>
							<texturenofocus>MenuItemNF.png</texturenofocus>
							<onclick>RunScript(script.favourites,changetitle=true&amp;property=SFVideos18)</onclick>
							<enable>Skin.HasSetting(HomeMenuCFVideos18)</enable>
							<visible>Skin.HasSetting(HomeMenuCFVideos18)</visible>					
						</control>
						<control type="button" id="658">
							<width>750</width>
							<height>40</height>
							<font>font13</font>
							<label>- Set [COLOR=blue]$INFO[Skin.String(SFVideos18.Label)][/COLOR] Icon</label>
							<label2>[COLOR=selected]$INFO[Skin.String(CFVideos18Icon)][/COLOR]</label2>
							<textcolor>grey2</textcolor>
							<focusedcolor>white</focusedcolor>
							<texturefocus>MenuItemFO.png</texturefocus>
							<texturenofocus>MenuItemNF.png</texturenofocus>
							<onclick>Skin.SetImage(CFVideos18Icon)</onclick>
							<visible>Skin.HasSetting(HomeMenuCFVideos18)</visible>
						</control>
						<control type="radiobutton" id="459">
							<description>Enable Custom Favourite 19</description>
							<width>750</width>
							<height>40</height>
							<font>font13</font>
							<textcolor>grey2</textcolor>
							<focusedcolor>white</focusedcolor>
							<label>Enable - Custom Favourite 19</label>
							<onclick>Skin.ToggleSetting(HomeMenuCFVideos19)</onclick>
							<selected>Skin.HasSetting(HomeMenuCFVideos19)</selected>
							<texturefocus>MenuItemFO.png</texturefocus>
							<texturenofocus>MenuItemNF.png</texturenofocus>
						</control>
						<control type="button" id="559">
							<width>750</width>
							<height>40</height>
							<font>font13</font>
							<label>- Set Custom Favourite 19</label>
							<label2>[COLOR=selected]$INFO[Skin.String(SFVideos19.Label)][/COLOR]</label2>
							<textcolor>grey2</textcolor>
							<focusedcolor>white</focusedcolor>
							<texturefocus>MenuItemFO.png</texturefocus>
							<texturenofocus>MenuItemNF.png</texturenofocus>
							<onclick>RunScript(script.favourites,changetitle=true&amp;property=SFVideos19)</onclick>
							<enable>Skin.HasSetting(HomeMenuCFVideos19)</enable>
							<visible>Skin.HasSetting(HomeMenuCFVideos19)</visible>					
						</control>
						<control type="button" id="659">
							<width>750</width>
							<height>40</height>
							<font>font13</font>
							<label>- Set [COLOR=blue]$INFO[Skin.String(SFVideos19.Label)][/COLOR] Icon</label>
							<label2>[COLOR=selected]$INFO[Skin.String(CFVideos19Icon)][/COLOR]</label2>
							<textcolor>grey2</textcolor>
							<focusedcolor>white</focusedcolor>
							<texturefocus>MenuItemFO.png</texturefocus>
							<texturenofocus>MenuItemNF.png</texturenofocus>
							<onclick>Skin.SetImage(CFVideos19Icon)</onclick>
							<visible>Skin.HasSetting(HomeMenuCFVideos19)</visible>
						</control>
						<control type="radiobutton" id="460">
							<description>Enable Custom Favourite 20</description>
							<width>750</width>
							<height>40</height>
							<font>font13</font>
							<textcolor>grey2</textcolor>
							<focusedcolor>white</focusedcolor>
							<label>Enable - Custom Favourite 20</label>
							<onclick>Skin.ToggleSetting(HomeMenuCFVideos20)</onclick>
							<selected>Skin.HasSetting(HomeMenuCFVideos20)</selected>
							<texturefocus>MenuItemFO.png</texturefocus>
							<texturenofocus>MenuItemNF.png</texturenofocus>
						</control>
						<control type="button" id="560">
							<width>750</width>
							<height>40</height>
							<font>font13</font>
							<label>- Set Custom Favourite 20</label>
							<label2>[COLOR=selected]$INFO[Skin.String(SFVideos20.Label)][/COLOR]</label2>
							<textcolor>grey2</textcolor>
							<focusedcolor>white</focusedcolor>
							<texturefocus>MenuItemFO.png</texturefocus>
							<texturenofocus>MenuItemNF.png</texturenofocus>
							<onclick>RunScript(script.favourites,changetitle=true&amp;property=SFVideos20)</onclick>
							<enable>Skin.HasSetting(HomeMenuCFVideos20)</enable>
							<visible>Skin.HasSetting(HomeMenuCFVideos20)</visible>					
						</control>
						<control type="button" id="660">
							<width>750</width>
							<height>40</height>
							<font>font13</font>
							<label>- Set [COLOR=blue]$INFO[Skin.String(SFVideos20.Label)][/COLOR] Icon</label>
							<label2>[COLOR=selected]$INFO[Skin.String(CFVideos20Icon)][/COLOR]</label2>
							<textcolor>grey2</textcolor>
							<focusedcolor>white</focusedcolor>
							<texturefocus>MenuItemFO.png</texturefocus>
							<texturenofocus>MenuItemNF.png</texturenofocus>
							<onclick>Skin.SetImage(CFVideos20Icon)</onclick>
							<visible>Skin.HasSetting(HomeMenuCFVideos20)</visible>
						</control>
					</control>
				</control>
		<include>CommonNowPlaying</include>
		<include>MainWindowMouseButtons</include>
		<include>BehindDialogFadeOut</include>
		<include condition="!Skin.HasSetting(EnableClock)">Clock</include>
	</controls>
</window>
