<?xml version="1.0" encoding="UTF-8"?>
<window>
	<defaultcontrol always="true">9000</defaultcontrol>
	<allowoverlay>no</allowoverlay>
	<controls>
		<include>CommonBackground</include>
		<control type="image">
			<left>0</left>
			<top>100r</top>
			<width>1280</width>
			<height>100</height>
			<texture>floor.png</texture>
			<animation effect="slide" start="0,10" end="0,0" time="200" condition="Window.Previous(Home)">WindowOpen</animation>
			<animation effect="slide" start="0,0" end="0,10" time="200	" condition="Window.Next(Home)">WindowClose</animation>
		</control>
		<control type="group">
			<left>90</left>
			<top>30</top>
			<animation type="WindowOpen" reversible="false">
				<effect type="zoom" start="80" end="100" center="640,360" easing="out" tween="back" time="300"/>
				<effect type="fade" start="0" end="100" time="300"/>
			</animation>
			<animation type="WindowClose" reversible="false">
				<effect type="zoom" start="100" end="80" center="640,360" easing="in" tween="back" time="300"/>
				<effect type="fade" start="100" end="0" time="300"/>
			</animation>
			<control type="image">
				<left>5</left>
				<top>5</top>
				<width>1090</width>
				<height>630</height>
				<texture border="15">ContentPanel.png</texture>
			</control>
			<control type="image">
				<left>5</left>
				<top>625</top>
				<width>1090</width>
				<height>64</height>
				<texture border="15">ContentPanelMirror.png</texture>
			</control>
<!--			<control type="button">
				<description>Close Window button</description>
				<left>980</left>
				<top>50</top>
				<width>64</width>
				<height>32</height>
				<label>-</label>
				<font>-</font>
				<onclick>PreviousMenu</onclick>
				<texturefocus>DialogCloseButton-focus.png</texturefocus>
				<texturenofocus>DialogCloseButton.png</texturenofocus>
				<onleft>1</onleft>
				<onright>1</onright>
				<onup>1</onup>
				<ondown>1</ondown>
				<visible>system.getbool(input.enablemouse)</visible>
			</control>-->
			<control type="image">
				<description>LOGO</description>
				<left>30</left>
				<top>15</top>
				<width>220</width>
				<height>80</height>
				<aspectratio>keep</aspectratio>
				<texture>revolution_logo.png</texture>
			</control>			
			<control type="list" id="9000">
				<left>10</left>
				<top>82</top>
				<width>260</width>
				<height>541</height>
				<onleft>9000</onleft>
				<onright>9001</onright>
				<onup>9000</onup>
				<ondown>9000</ondown>
				<pagecontrol>-</pagecontrol>
				<scrolltime>300</scrolltime>
				<itemlayout height="54" width="260">
					<control type="image">
						<left>0</left>
						<top>0</top>
						<width>260</width>
						<height>55</height>
						<texture border="5">MenuItemNF.png</texture>
					</control>
					<control type="label">
						<left>250</left>
						<top>0</top>
						<width>380</width>
						<height>55</height>
						<font>font24_title</font>
						<textcolor>grey3</textcolor>
						<align>right</align>
						<aligny>center</aligny>
						<label>$INFO[ListItem.Label]</label>
					</control>
				</itemlayout>
				<focusedlayout height="54" width="260">
					<control type="image">
						<left>0</left>
						<top>0</top>
						<width>260</width>
						<height>55</height>
						<texture border="5">MenuItemFO.png</texture>
					</control>
					<control type="label">
						<left>250</left>
						<top>0</top>
						<width>380</width>
						<height>55</height>
						<font>font24_title</font>
						<textcolor>white</textcolor>
						<align>right</align>
						<aligny>center</aligny>
						<label>$INFO[ListItem.Label]</label>
					</control>
				</focusedlayout>
				<content>
					<item id="10">
						<visible>System.Platform.Android</visible>
						<label>31962</label>
						<label2>31407</label2>
						<onclick>StartAndroidActivity(&quot;com.giec.settings&quot;)</onclick>
						<icon>settings-android.png</icon>
					</item>
					<item id="1">
						<label>480</label>
						<label2>31400</label2>
						<onclick>ActivateWindow(AppearanceSettings)</onclick>
						<icon>settings-appearance.png</icon>
					</item>
					<item id="2">
						<label>157</label>
						<label2>31401</label2>
						<onclick>ActivateWindow(VideosSettings)</onclick>
						<icon>settings-video.png</icon>
					</item>
					<item id="3">
						<label>31502</label>
						<label2>31409</label2>
						<onclick>ActivateWindow(PVRSettings)</onclick>
						<icon>settings-livetv.png</icon>
					</item>
					<item id="4">
						<label>2</label>
						<label2>31402</label2>
						<onclick>ActivateWindow(MusicSettings)</onclick>
						<icon>settings-music.png</icon>
					</item>
					<item id="5">
						<label>1</label>
						<label2>31403</label2>
						<onclick>ActivateWindow(PicturesSettings)</onclick>
						<icon>settings-pictures.png</icon>
					</item>
					<item id="6">
						<label>8</label>
						<label2>31404</label2>
						<onclick>ActivateWindow(WeatherSettings)</onclick>
						<icon>settings-weather.png</icon>
					</item>
					<item id="7">
						<label>24001</label>
						<label2>31408</label2>
						<onclick>ActivateWindow(AddonBrowser)</onclick>
						<icon>settings-addons.png</icon>
					</item>
					<item id="8">
						<label>14036</label>
						<label2>31410</label2>
						<onclick>ActivateWindow(ServiceSettings)</onclick>
						<icon>settings-services.png</icon>
					</item>
					<item id="9">
						<label>System</label>
						<label2>31406</label2>
						<onclick>ActivateWindow(SystemSettings)</onclick>
						<icon>settings-xbmc.png</icon>
					</item>
				</content>
			</control>
			<control type="image">
				<left>268</left>
				<top>10</top>
				<width>804</width>
				<height>50</height>
				<texture border="5">black-back2.png</texture>
			</control>
			<control type="image">
				<left>268</left>
				<top>10</top>
				<width>804</width>
				<height>54</height>
				<texture>dialogheader.png</texture>
			</control>
			<control type="label">
				<description>header label</description>
				<left>300</left>
				<top>20</top>
				<width>740</width>
				<height>30</height>
				<font>font16</font>
				<label>$LOCALIZE[31000] $LOCALIZE[5]</label>
				<align>center</align>
				<aligny>center</aligny>
				<textcolor>white</textcolor>
				<shadowcolor>black</shadowcolor>
			</control>
			<control type="image">
				<left>270</left>
				<top>60</top>
				<width>800</width>
				<height>450</height>
				<texture border="5">button-nofocus.png</texture>
			</control>
			<control type="multiimage">
				<left>272</left>
				<top>62</top>
				<width>796</width>
				<height>446</height>
				<aspectratio>stretch</aspectratio>
				<fadetime>600</fadetime>
				<imagepath background="true">$INFO[Container(9000).ListItem.Icon]</imagepath>
			</control>
			<control type="image">
				<left>272</left>
				<top>62</top>
				<width>600</width>
				<height>340</height>
				<aspectratio>stretch</aspectratio>
				<texture>GlassOverlay.png</texture>
				<colordiffuse>AAFFFFFF</colordiffuse>
			</control>
			<control type="image">
				<left>268</left>
				<top>510</top>
				<width>804</width>
				<height>118</height>
				<texture border="5">black-back2.png</texture>
			</control>
			<control type="textbox">
				<description>Appearance Description</description>
				<left>300</left>
				<top>520</top>
				<width>740</width>
				<height>100</height>
				<font>font12</font>
				<label>$INFO[Container(9000).ListItem.Label2]</label>
				<align>left</align>
				<textcolor>white</textcolor>
				<shadowcolor>black</shadowcolor>
			</control>
		</control>
		<include>CommonNowPlaying</include>
		<include>MainWindowMouseButtons</include>
		<include>BehindDialogFadeOut</include>
		<control type="image">
			<description>Section header image</description>
			<left>20</left>
			<top>3</top>
			<width>35</width>
			<height>35</height>
			<aspectratio>keep</aspectratio>
			<texture>icon_system.png</texture>
		</control>
		<control type="grouplist">
			<left>65</left>
			<top>5</top>
			<width>1000</width>
			<height>30</height>
			<orientation>horizontal</orientation>
			<align>left</align>
			<itemgap>5</itemgap>
			<control type="label">
				<include>WindowTitleCommons</include>
				<label>$LOCALIZE[5]</label>
			</control>
		</control>
		<include condition="!Skin.HasSetting(EnableClock)">Clock</include>
	</controls>
</window>